"deleted_at","path","absolute_path","category","files","size_bytes","size_gb","action","reason"
"2026-06-16T18:02:22","data\processed_v5_lite_p8oot2026_20260301_v5_lite","E:\LSTM\B2B\B2B_Replenishment_System\data\processed_v5_lite_p8oot2026_20260301_v5_lite","p8oot2026","8","7989549120","7.441","delete_feature_cache","old generated feature cache; current p7b and p8eventreqshadow assets retained"
"2026-06-16T18:02:22","data\processed_v5_lite_p8formal0614_20260301_v5_lite","E:\LSTM\B2B\B2B_Replenishment_System\data\processed_v5_lite_p8formal0614_20260301_v5_lite","p8formal0614","8","7887462420","7.346","delete_feature_cache","old generated feature cache; current p7b and p8eventreqshadow assets retained"
"2026-06-16T18:02:22","data\processed_v5_lite_p8formal0614_20260215_v5_lite","E:\LSTM\B2B\B2B_Replenishment_System\data\processed_v5_lite_p8formal0614_20260215_v5_lite","p8formal0614","8","7527773580","7.011","delete_feature_cache","old generated feature cache; current p7b and p8eventreqshadow assets retained"
"2026-06-16T18:02:22","data\processed_v5_lite_p8ei_20260224_v5_lite","E:\LSTM\B2B\B2B_Replenishment_System\data\processed_v5_lite_p8ei_20260224_v5_lite","old_event_inventory","8","7451074800","6.939","delete_feature_cache","old generated feature cache; current p7b and p8eventreqshadow assets retained"
"2026-06-16T18:02:22","data\processed_v5_lite_p8oot2026_20260201_v5_lite","E:\LSTM\B2B\B2B_Replenishment_System\data\processed_v5_lite_p8oot2026_20260201_v5_lite","p8oot2026","8","7323753360","6.821","delete_feature_cache","old generated feature cache; current p7b and p8eventreqshadow assets retained"
"2026-06-16T18:02:22","data\processed_v5_lite_p8robustpurge_20260301_v5_lite","E:\LSTM\B2B\B2B_Replenishment_System\data\processed_v5_lite_p8robustpurge_20260301_v5_lite","p8robustpurge","8","7299974940","6.799","delete_feature_cache","old generated feature cache; current p7b and p8eventreqshadow assets retained"
"2026-06-16T18:02:22","data\processed_v5_lite_p8ei_20260215_v5_lite","E:\LSTM\B2B\B2B_Replenishment_System\data\processed_v5_lite_p8ei_20260215_v5_lite","old_event_inventory","8","7248477600","6.751","delete_feature_cache","old generated feature cache; current p7b and p8eventreqshadow assets retained"
"2026-06-16T18:02:22","data\processed_v5_lite_p8robustpurge_20260201_v5_lite","E:\LSTM\B2B\B2B_Replenishment_System\data\processed_v5_lite_p8robustpurge_20260201_v5_lite","p8robustpurge","8","6634179180","6.179","delete_feature_cache","old generated feature cache; current p7b and p8eventreqshadow assets retained"
"2026-06-16T18:02:22","data\processed_v5_lite_p8oot2026_20260101_v5_lite","E:\LSTM\B2B\B2B_Replenishment_System\data\processed_v5_lite_p8oot2026_20260101_v5_lite","p8oot2026","8","6586622340","6.134","delete_feature_cache","old generated feature cache; current p7b and p8eventreqshadow assets retained"
"2026-06-16T18:02:22","data\processed_v5_lite_p8robustpurge_20260101_v5_lite","E:\LSTM\B2B\B2B_Replenishment_System\data\processed_v5_lite_p8robustpurge_20260101_v5_lite","p8robustpurge","8","5897048160","5.492","delete_feature_cache","old generated feature cache; current p7b and p8eventreqshadow assets retained"
"2026-06-16T18:02:22","data\processed_v5_lite_p7refresh_20260416_20251201_v5_lite","E:\LSTM\B2B\B2B_Replenishment_System\data\processed_v5_lite_p7refresh_20260416_20251201_v5_lite","p7refresh_validation","8","5849491320","5.448","delete_feature_cache","old generated feature cache; current p7b and p8eventreqshadow assets retained"
"2026-06-16T18:02:22","data\processed_v5_lite_p7refresh_20260416_20251101_v5_lite","E:\LSTM\B2B\B2B_Replenishment_System\data\processed_v5_lite_p7refresh_20260416_20251101_v5_lite","p7refresh_validation","8","5136138720","4.783","delete_feature_cache","old generated feature cache; current p7b and p8eventreqshadow assets retained"
"2026-06-16T18:02:22","data\processed_v5_lite_p7refresh_20260416_20251001_v5_lite","E:\LSTM\B2B\B2B_Replenishment_System\data\processed_v5_lite_p7refresh_20260416_20251001_v5_lite","p7refresh_validation","8","4399007700","4.097","delete_feature_cache","old generated feature cache; current p7b and p8eventreqshadow assets retained"
"2026-06-16T18:02:22","data\processed_v5_lite_p7refresh_20260416_20250901_v5_lite","E:\LSTM\B2B\B2B_Replenishment_System\data\processed_v5_lite_p7refresh_20260416_20250901_v5_lite","p7refresh_validation","8","3685655100","3.433","delete_feature_cache","old generated feature cache; current p7b and p8eventreqshadow assets retained"
"2026-06-16T18:02:22","data\processed_v6_event_p8formal0614_inventory_rich_request_20260514_v6_event","E:\LSTM\B2B\B2B_Replenishment_System\data\processed_v6_event_p8formal0614_inventory_rich_request_20260514_v6_event","p8formal0614","6","3492176664","3.252","delete_feature_cache","old generated feature cache; current p7b and p8eventreqshadow assets retained"
"2026-06-16T18:02:22","data\processed_v6_event_p8formal0614_inventory_rich_request_20260501_v6_event","E:\LSTM\B2B\B2B_Replenishment_System\data\processed_v6_event_p8formal0614_inventory_rich_request_20260501_v6_event","p8formal0614","6","3373021056","3.141","delete_feature_cache","old generated feature cache; current p7b and p8eventreqshadow assets retained"
"2026-06-16T18:02:22","data\processed_v6_event_p8formal0614_inventory_rich_request_20260415_v6_event","E:\LSTM\B2B\B2B_Replenishment_System\data\processed_v6_event_p8formal0614_inventory_rich_request_20260415_v6_event","p8formal0614","6","3226368000","3.005","delete_feature_cache","old generated feature cache; current p7b and p8eventreqshadow assets retained"
"2026-06-16T18:02:22","data\processed_v6_event_p8formal0614_inventory_rich_request_20260401_v6_event","E:\LSTM\B2B\B2B_Replenishment_System\data\processed_v6_event_p8formal0614_inventory_rich_request_20260401_v6_event","p8formal0614","6","3098046576","2.885","delete_feature_cache","old generated feature cache; current p7b and p8eventreqshadow assets retained"
"2026-06-16T18:02:22","data\processed_v6_event_p8formal0614_inventory_rich_request_20260315_v6_event","E:\LSTM\B2B\B2B_Replenishment_System\data\processed_v6_event_p8formal0614_inventory_rich_request_20260315_v6_event","p8formal0614","6","2942227704","2.74","delete_feature_cache","old generated feature cache; current p7b and p8eventreqshadow assets retained"
"2026-06-16T18:02:22","data\processed_v6_event_p8formal0614_inventory_rich_request_20260301_v6_event","E:\LSTM\B2B\B2B_Replenishment_System\data\processed_v6_event_p8formal0614_inventory_rich_request_20260301_v6_event","p8formal0614","6","2813906280","2.621","delete_feature_cache","old generated feature cache; current p7b and p8eventreqshadow assets retained"
"2026-06-16T18:02:22","data\processed_v6_event_p8formal0614_inventory_request_20260215_v6_event","E:\LSTM\B2B\B2B_Replenishment_System\data\processed_v6_event_p8formal0614_inventory_request_20260215_v6_event","p8formal0614","6","2685584856","2.501","delete_feature_cache","old generated feature cache; current p7b and p8eventreqshadow assets retained"
"2026-06-16T18:02:22","data\processed_v6_event_p8formal0614_inventory_rich_request_20260215_v6_event","E:\LSTM\B2B\B2B_Replenishment_System\data\processed_v6_event_p8formal0614_inventory_rich_request_20260215_v6_event","p8formal0614","6","2685584856","2.501","delete_feature_cache","old generated feature cache; current p7b and p8eventreqshadow assets retained"
"2026-06-16T18:02:22","data\processed_v6_event_p8formal0614_inventory_rich_20260301_v6_event","E:\LSTM\B2B\B2B_Replenishment_System\data\processed_v6_event_p8formal0614_inventory_rich_20260301_v6_event","p8formal0614","6","2671789840","2.488","delete_feature_cache","old generated feature cache; current p7b and p8eventreqshadow assets retained"
"2026-06-16T18:02:22","data\processed_v6_event_p8formal0614_inventory_rich_request_20260201_v6_event","E:\LSTM\B2B\B2B_Replenishment_System\data\processed_v6_event_p8formal0614_inventory_rich_request_20260201_v6_event","p8formal0614","6","2557263432","2.382","delete_feature_cache","old generated feature cache; current p7b and p8eventreqshadow assets retained"
"2026-06-16T18:02:22","data\processed_v6_event_p8formal0614_inventory_rich_20260215_v6_event","E:\LSTM\B2B\B2B_Replenishment_System\data\processed_v6_event_p8formal0614_inventory_rich_20260215_v6_event","p8formal0614","6","2549949296","2.375","delete_feature_cache","old generated feature cache; current p7b and p8eventreqshadow assets retained"
"2026-06-16T18:02:22","data\processed_v6_event_p8formal0614_inventory_20260215_v6_event","E:\LSTM\B2B\B2B_Replenishment_System\data\processed_v6_event_p8formal0614_inventory_20260215_v6_event","p8formal0614","6","2549949296","2.375","delete_feature_cache","old generated feature cache; current p7b and p8eventreqshadow assets retained"
"2026-06-16T18:02:22","data\processed_v6_event_p8formal0614_inventory_rich_request_20260115_v6_event","E:\LSTM\B2B\B2B_Replenishment_System\data\processed_v6_event_p8formal0614_inventory_rich_request_20260115_v6_event","p8formal0614","6","2401444560","2.237","delete_feature_cache","old generated feature cache; current p7b and p8eventreqshadow assets retained"
"2026-06-16T18:02:22","data\processed_v6_event_p8formal0614_inventory_request_20260301_v6_event","E:\LSTM\B2B\B2B_Replenishment_System\data\processed_v6_event_p8formal0614_inventory_request_20260301_v6_event","p8formal0614","6","2316498740","2.157","delete_feature_cache","old generated feature cache; current p7b and p8eventreqshadow assets retained"
"2026-06-16T18:02:22","data\processed_v6_event_p8formal0614_inventory_rich_request_20260101_v6_event","E:\LSTM\B2B\B2B_Replenishment_System\data\processed_v6_event_p8formal0614_inventory_rich_request_20260101_v6_event","p8formal0614","6","2273123136","2.117","delete_feature_cache","old generated feature cache; current p7b and p8eventreqshadow assets retained"
"2026-06-16T18:02:22","data\processed_v6_event_p8formal0614_inventory_20260301_v6_event","E:\LSTM\B2B\B2B_Replenishment_System\data\processed_v6_event_p8formal0614_inventory_20260301_v6_event","p8formal0614","6","2174382300","2.025","delete_feature_cache","old generated feature cache; current p7b and p8eventreqshadow assets retained"
"2026-06-16T18:02:22","data\processed_v6_event_p8robustpurge_inventory_request_20260301_v6_event","E:\LSTM\B2B\B2B_Replenishment_System\data\processed_v6_event_p8robustpurge_inventory_request_20260301_v6_event","p8robustpurge","6","2143957372","1.997","delete_feature_cache","old generated feature cache; current p7b and p8eventreqshadow assets retained"
"2026-06-16T18:02:22","data\processed_v6_event_p8einvshadow_zero_split_20260224_v6_event","E:\LSTM\B2B\B2B_Replenishment_System\data\processed_v6_event_p8einvshadow_zero_split_20260224_v6_event","old_event_inventory","6","2054080848","1.913","delete_feature_cache","old generated feature cache; current p7b and p8eventreqshadow assets retained"
"2026-06-16T18:02:22","data\processed_v6_event_p8robustpurge_inventory_20260301_v6_event","E:\LSTM\B2B\B2B_Replenishment_System\data\processed_v6_event_p8robustpurge_inventory_20260301_v6_event","p8robustpurge","6","2012426292","1.874","delete_feature_cache","old generated feature cache; current p7b and p8eventreqshadow assets retained"
"2026-06-16T18:02:22","data\processed_v6_event_p8einvshadow_zero_split_20260215_v6_event","E:\LSTM\B2B\B2B_Replenishment_System\data\processed_v6_event_p8einvshadow_zero_split_20260215_v6_event","old_event_inventory","6","1998229728","1.861","delete_feature_cache","old generated feature cache; current p7b and p8eventreqshadow assets retained"
"2026-06-16T18:02:22","data\processed_v6_event_p8formal0614_inventory_rich_request_20251201_v6_event","E:\LSTM\B2B\B2B_Replenishment_System\data\processed_v6_event_p8formal0614_inventory_rich_request_20251201_v6_event","p8formal0614","6","1988982840","1.852","delete_feature_cache","old generated feature cache; current p7b and p8eventreqshadow assets retained"
"2026-06-16T18:02:22","data\processed_v6_event_p8robustpurge_inventory_request_20260201_v6_event","E:\LSTM\B2B\B2B_Replenishment_System\data\processed_v6_event_p8robustpurge_inventory_request_20260201_v6_event","p8robustpurge","6","1948417356","1.815","delete_feature_cache","old generated feature cache; current p7b and p8eventreqshadow assets retained"
"2026-06-16T18:02:22","data\processed_v6_event_p8einvshadow_20260224_v6_event","E:\LSTM\B2B\B2B_Replenishment_System\data\processed_v6_event_p8einvshadow_20260224_v6_event","old_event_inventory","6","1946677968","1.813","delete_feature_cache","old generated feature cache; current p7b and p8eventreqshadow assets retained"
"2026-06-16T18:02:22","data\processed_v6_event_p8formal0614_request_20260301_v6_event","E:\LSTM\B2B\B2B_Replenishment_System\data\processed_v6_event_p8formal0614_request_20260301_v6_event","p8formal0614","6","1918572708","1.787","delete_feature_cache","old generated feature cache; current p7b and p8eventreqshadow assets retained"
"2026-06-16T18:02:22","data\processed_v6_event_p8einvshadow_20260215_v6_event","E:\LSTM\B2B\B2B_Replenishment_System\data\processed_v6_event_p8einvshadow_20260215_v6_event","old_event_inventory","6","1893747168","1.764","delete_feature_cache","old generated feature cache; current p7b and p8eventreqshadow assets retained"
"2026-06-16T18:02:22","data\processed_v6_event_p8formal0614_request_20260215_v6_event","E:\LSTM\B2B\B2B_Replenishment_System\data\processed_v6_event_p8formal0614_request_20260215_v6_event","p8formal0614","6","1831080828","1.705","delete_feature_cache","old generated feature cache; current p7b and p8eventreqshadow assets retained"
"2026-06-16T18:02:22","data\processed_v6_event_p8robustpurge_inventory_20260201_v6_event","E:\LSTM\B2B\B2B_Replenishment_System\data\processed_v6_event_p8robustpurge_inventory_20260201_v6_event","p8robustpurge","6","1828882596","1.703","delete_feature_cache","old generated feature cache; current p7b and p8eventreqshadow assets retained"
"2026-06-16T18:02:22","data\processed_v6_event_p8robustpurge_request_20260301_v6_event","E:\LSTM\B2B\B2B_Replenishment_System\data\processed_v6_event_p8robustpurge_request_20260301_v6_event","p8robustpurge","6","1775670348","1.654","delete_feature_cache","old generated feature cache; current p7b and p8eventreqshadow assets retained"
"2026-06-16T18:02:22","data\processed_v6_event_p8robustpurge_inventory_request_20260101_v6_event","E:\LSTM\B2B\B2B_Replenishment_System\data\processed_v6_event_p8robustpurge_inventory_request_20260101_v6_event","p8robustpurge","6","1731926624","1.613","delete_feature_cache","old generated feature cache; current p7b and p8eventreqshadow assets retained"
"2026-06-16T18:02:22","data\processed_v6_event_p8formal0614_inventory_rich_request_20251101_v6_event","E:\LSTM\B2B\B2B_Replenishment_System\data\processed_v6_event_p8formal0614_inventory_rich_request_20251101_v6_event","p8formal0614","6","1714008360","1.596","delete_feature_cache","old generated feature cache; current p7b and p8eventreqshadow assets retained"
"2026-06-16T18:02:22","data\processed_v6_event_p8robustpurge_inventory_20260101_v6_event","E:\LSTM\B2B\B2B_Replenishment_System\data\processed_v6_event_p8robustpurge_inventory_20260101_v6_event","p8robustpurge","6","1625673504","1.514","delete_feature_cache","old generated feature cache; current p7b and p8eventreqshadow assets retained"
"2026-06-16T18:02:22","data\processed_v6_event_p8robustpurge_request_20260201_v6_event","E:\LSTM\B2B\B2B_Replenishment_System\data\processed_v6_event_p8robustpurge_request_20260201_v6_event","p8robustpurge","6","1613720028","1.503","delete_feature_cache","old generated feature cache; current p7b and p8eventreqshadow assets retained"
"2026-06-16T18:02:22","data\processed_v6_event_p8formal0614_listing_20260301_v6_event","E:\LSTM\B2B\B2B_Replenishment_System\data\processed_v6_event_p8formal0614_listing_20260301_v6_event","p8formal0614","6","1591704896","1.482","delete_feature_cache","old generated feature cache; current p7b and p8eventreqshadow assets retained"
"2026-06-16T18:02:22","data\processed_v6_event_p8robustpurge_eventcore_20260301_v6_event","E:\LSTM\B2B\B2B_Replenishment_System\data\processed_v6_event_p8robustpurge_eventcore_20260301_v6_event","p8robustpurge","6","1578373728","1.47","delete_feature_cache","old generated feature cache; current p7b and p8eventreqshadow assets retained"
"2026-06-16T18:02:22","data\processed_v6_event_p8formal0614_listing_20260215_v6_event","E:\LSTM\B2B\B2B_Replenishment_System\data\processed_v6_event_p8formal0614_listing_20260215_v6_event","p8formal0614","6","1519119040","1.415","delete_feature_cache","old generated feature cache; current p7b and p8eventreqshadow assets retained"
"2026-06-16T18:02:22","data\processed_v6_event_p8robustpurge_listing_20260301_v6_event","E:\LSTM\B2B\B2B_Replenishment_System\data\processed_v6_event_p8robustpurge_listing_20260301_v6_event","p8robustpurge","6","1473148864","1.372","delete_feature_cache","old generated feature cache; current p7b and p8eventreqshadow assets retained"
"2026-06-16T18:02:22","data\processed_v6_event_p8robustpurge_eventcore_20260201_v6_event","E:\LSTM\B2B\B2B_Replenishment_System\data\processed_v6_event_p8robustpurge_eventcore_20260201_v6_event","p8robustpurge","6","1434417888","1.336","delete_feature_cache","old generated feature cache; current p7b and p8eventreqshadow assets retained"
"2026-06-16T18:02:22","data\processed_v6_event_p8robustpurge_request_20260101_v6_event","E:\LSTM\B2B\B2B_Replenishment_System\data\processed_v6_event_p8robustpurge_request_20260101_v6_event","p8robustpurge","6","1434417888","1.336","delete_feature_cache","old generated feature cache; current p7b and p8eventreqshadow assets retained"
"2026-06-16T18:02:22","data\processed_v6_event_p8formal0614_inventory_rich_request_20251001_v6_event","E:\LSTM\B2B\B2B_Replenishment_System\data\processed_v6_event_p8formal0614_inventory_rich_request_20251001_v6_event","p8formal0614","6","1429868064","1.332","delete_feature_cache","old generated feature cache; current p7b and p8eventreqshadow assets retained"
"2026-06-16T18:02:22","data\processed_v6_event_p8robustpurge_listing_20260201_v6_event","E:\LSTM\B2B\B2B_Replenishment_System\data\processed_v6_event_p8robustpurge_listing_20260201_v6_event","p8robustpurge","6","1338790080","1.247","delete_feature_cache","old generated feature cache; current p7b and p8eventreqshadow assets retained"
"2026-06-16T18:02:22","data\processed_v6_event_p8oot2026_20260301_v6_event","E:\LSTM\B2B\B2B_Replenishment_System\data\processed_v6_event_p8oot2026_20260301_v6_event","p8oot2026","6","1295603328","1.207","delete_feature_cache","old generated feature cache; current p7b and p8eventreqshadow assets retained"
"2026-06-16T18:02:22","data\processed_v6_event_p8formal0614_20260301_v6_event","E:\LSTM\B2B\B2B_Replenishment_System\data\processed_v6_event_p8formal0614_20260301_v6_event","p8formal0614","6","1279048728","1.191","delete_feature_cache","old generated feature cache; current p7b and p8eventreqshadow assets retained"
"2026-06-16T18:02:22","data\processed_v6_event_p8robustpurge_eventcore_20260101_v6_event","E:\LSTM\B2B\B2B_Replenishment_System\data\processed_v6_event_p8robustpurge_eventcore_20260101_v6_event","p8robustpurge","6","1275038208","1.187","delete_feature_cache","old generated feature cache; current p7b and p8eventreqshadow assets retained"
"2026-06-16T18:02:22","data\processed_v6_event_p8formal0614_20260215_v6_event","E:\LSTM\B2B\B2B_Replenishment_System\data\processed_v6_event_p8formal0614_20260215_v6_event","p8formal0614","6","1220720808","1.137","delete_feature_cache","old generated feature cache; current p7b and p8eventreqshadow assets retained"
"2026-06-16T18:02:22","data\processed_v6_event_p8ei_20260224_v6_event","E:\LSTM\B2B\B2B_Replenishment_System\data\processed_v6_event_p8ei_20260224_v6_event","old_event_inventory","6","1208283168","1.125","delete_feature_cache","old generated feature cache; current p7b and p8eventreqshadow assets retained"
"2026-06-16T18:02:22","data\processed_v6_event_p8robustpurge_listing_20260101_v6_event","E:\LSTM\B2B\B2B_Replenishment_System\data\processed_v6_event_p8robustpurge_listing_20260101_v6_event","p8robustpurge","6","1190035712","1.108","delete_feature_cache","old generated feature cache; current p7b and p8eventreqshadow assets retained"
"2026-06-16T18:02:22","data\processed_v6_event_p8oot2026_20260201_v6_event","E:\LSTM\B2B\B2B_Replenishment_System\data\processed_v6_event_p8oot2026_20260201_v6_event","p8oot2026","6","1187636448","1.106","delete_feature_cache","old generated feature cache; current p7b and p8eventreqshadow assets retained"
"2026-06-16T18:02:22","data\processed_v6_event_p8robustpurge_20260301_v6_event","E:\LSTM\B2B\B2B_Replenishment_System\data\processed_v6_event_p8robustpurge_20260301_v6_event","p8robustpurge","6","1183780488","1.102","delete_feature_cache","old generated feature cache; current p7b and p8eventreqshadow assets retained"
"2026-06-16T18:02:22","data\processed_v6_event_p8ei_20260215_v6_event","E:\LSTM\B2B\B2B_Replenishment_System\data\processed_v6_event_p8ei_20260215_v6_event","old_event_inventory","6","1175429568","1.095","delete_feature_cache","old generated feature cache; current p7b and p8eventreqshadow assets retained"
"2026-06-16T18:02:22","data\processed_v6_event_p8formal0614_inventory_rich_request_20250901_v6_event","E:\LSTM\B2B\B2B_Replenishment_System\data\processed_v6_event_p8formal0614_inventory_rich_request_20250901_v6_event","p8formal0614","6","1154893584","1.076","delete_feature_cache","old generated feature cache; current p7b and p8eventreqshadow assets retained"
"2026-06-16T18:02:22","data\processed_v6_event_p8robustpurge_20260201_v6_event","E:\LSTM\B2B\B2B_Replenishment_System\data\processed_v6_event_p8robustpurge_20260201_v6_event","p8robustpurge","6","1075813608","1.002","delete_feature_cache","old generated feature cache; current p7b and p8eventreqshadow assets retained"
"2026-06-16T18:02:22","data\processed_v6_event_p8oot2026_20260101_v6_event","E:\LSTM\B2B\B2B_Replenishment_System\data\processed_v6_event_p8oot2026_20260101_v6_event","p8oot2026","6","1068101688","0.995","delete_feature_cache","old generated feature cache; current p7b and p8eventreqshadow assets retained"
"2026-06-16T18:02:22","data\processed_v6_event_p8robustpurge_20260101_v6_event","E:\LSTM\B2B\B2B_Replenishment_System\data\processed_v6_event_p8robustpurge_20260101_v6_event","p8robustpurge","6","956278848","0.891","delete_feature_cache","old generated feature cache; current p7b and p8eventreqshadow assets retained"
"2026-06-16T18:02:22","data\processed_v6_event_p7refresh_20260416_20251201_v6_event","E:\LSTM\B2B\B2B_Replenishment_System\data\processed_v6_event_p7refresh_20260416_20251201_v6_event","p7refresh_validation","6","948566928","0.883","delete_feature_cache","old generated feature cache; current p7b and p8eventreqshadow assets retained"
"2026-06-16T18:02:22","data\processed_v6_event_p7refresh_20260416_20251101_v6_event","E:\LSTM\B2B\B2B_Replenishment_System\data\processed_v6_event_p7refresh_20260416_20251101_v6_event","p7refresh_validation","6","832888128","0.776","delete_feature_cache","old generated feature cache; current p7b and p8eventreqshadow assets retained"
"2026-06-16T18:02:22","data\processed_v6_event_p7refresh_20260416_20251001_v6_event","E:\LSTM\B2B\B2B_Replenishment_System\data\processed_v6_event_p7refresh_20260416_20251001_v6_event","p7refresh_validation","6","713353368","0.664","delete_feature_cache","old generated feature cache; current p7b and p8eventreqshadow assets retained"
"2026-06-16T18:02:22","data\processed_v6_event_p7refresh_20260416_20250901_v6_event","E:\LSTM\B2B\B2B_Replenishment_System\data\processed_v6_event_p7refresh_20260416_20250901_v6_event","p7refresh_validation","6","597674568","0.557","delete_feature_cache","old generated feature cache; current p7b and p8eventreqshadow assets retained"
"2026-06-16T18:02:22","data\artifacts_v6_event_p8formal0614_inventory_rich_request_20260514_v6_event","E:\LSTM\B2B\B2B_Replenishment_System\data\artifacts_v6_event_p8formal0614_inventory_rich_request_20260514_v6_event","p8formal0614","4","123747044","0.115","delete_feature_cache","old generated feature cache; current p7b and p8eventreqshadow assets retained"
"2026-06-16T18:02:22","data\artifacts_v6_event_p8formal0614_inventory_rich_request_20260501_v6_event","E:\LSTM\B2B\B2B_Replenishment_System\data\artifacts_v6_event_p8formal0614_inventory_rich_request_20260501_v6_event","p8formal0614","4","119534472","0.111","delete_feature_cache","old generated feature cache; current p7b and p8eventreqshadow assets retained"
"2026-06-16T18:02:22","data\artifacts_v6_event_p8formal0614_inventory_rich_request_20260415_v6_event","E:\LSTM\B2B\B2B_Replenishment_System\data\artifacts_v6_event_p8formal0614_inventory_rich_request_20260415_v6_event","p8formal0614","4","114349768","0.106","delete_feature_cache","old generated feature cache; current p7b and p8eventreqshadow assets retained"
"2026-06-16T18:02:22","data\artifacts_v6_event_p8formal0614_inventory_rich_request_20260401_v6_event","E:\LSTM\B2B\B2B_Replenishment_System\data\artifacts_v6_event_p8formal0614_inventory_rich_request_20260401_v6_event","p8formal0614","4","109813152","0.102","delete_feature_cache","old generated feature cache; current p7b and p8eventreqshadow assets retained"
"2026-06-16T18:02:22","data\artifacts_v6_event_p8formal0614_inventory_rich_request_20260315_v6_event","E:\LSTM\B2B\B2B_Replenishment_System\data\artifacts_v6_event_p8formal0614_inventory_rich_request_20260315_v6_event","p8formal0614","4","104304404","0.097","delete_feature_cache","old generated feature cache; current p7b and p8eventreqshadow assets retained"
"2026-06-16T18:02:22","data\artifacts_v6_event_p8formal0614_inventory_rich_request_20260301_v6_event","E:\LSTM\B2B\B2B_Replenishment_System\data\artifacts_v6_event_p8formal0614_inventory_rich_request_20260301_v6_event","p8formal0614","4","99767788","0.093","delete_feature_cache","old generated feature cache; current p7b and p8eventreqshadow assets retained"
"2026-06-16T18:02:22","data\artifacts_v6_event_p8formal0614_inventory_rich_20260301_v6_event","E:\LSTM\B2B\B2B_Replenishment_System\data\artifacts_v6_event_p8formal0614_inventory_rich_20260301_v6_event","p8formal0614","4","99766631","0.093","delete_feature_cache","old generated feature cache; current p7b and p8eventreqshadow assets retained"
"2026-06-16T18:02:22","data\artifacts_v6_event_p8formal0614_inventory_request_20260301_v6_event","E:\LSTM\B2B\B2B_Replenishment_System\data\artifacts_v6_event_p8formal0614_inventory_request_20260301_v6_event","p8formal0614","4","99761842","0.093","delete_feature_cache","old generated feature cache; current p7b and p8eventreqshadow assets retained"
"2026-06-16T18:02:22","data\artifacts_v6_event_p8formal0614_inventory_20260301_v6_event","E:\LSTM\B2B\B2B_Replenishment_System\data\artifacts_v6_event_p8formal0614_inventory_20260301_v6_event","p8formal0614","4","99760690","0.093","delete_feature_cache","old generated feature cache; current p7b and p8eventreqshadow assets retained"
"2026-06-16T18:02:22","data\artifacts_v6_event_p8formal0614_request_20260301_v6_event","E:\LSTM\B2B\B2B_Replenishment_System\data\artifacts_v6_event_p8formal0614_request_20260301_v6_event","p8formal0614","4","99759316","0.093","delete_feature_cache","old generated feature cache; current p7b and p8eventreqshadow assets retained"
"2026-06-16T18:02:22","data\artifacts_v6_event_p8formal0614_inventory_rich_request_20260215_v6_event","E:\LSTM\B2B\B2B_Replenishment_System\data\artifacts_v6_event_p8formal0614_inventory_rich_request_20260215_v6_event","p8formal0614","4","95231172","0.089","delete_feature_cache","old generated feature cache; current p7b and p8eventreqshadow assets retained"
"2026-06-16T18:02:22","data\artifacts_v6_event_p8formal0614_inventory_request_20260215_v6_event","E:\LSTM\B2B\B2B_Replenishment_System\data\artifacts_v6_event_p8formal0614_inventory_request_20260215_v6_event","p8formal0614","4","95231097","0.089","delete_feature_cache","old generated feature cache; current p7b and p8eventreqshadow assets retained"
"2026-06-16T18:02:22","data\artifacts_v6_event_p8formal0614_inventory_rich_20260215_v6_event","E:\LSTM\B2B\B2B_Replenishment_System\data\artifacts_v6_event_p8formal0614_inventory_rich_20260215_v6_event","p8formal0614","4","95230015","0.089","delete_feature_cache","old generated feature cache; current p7b and p8eventreqshadow assets retained"
"2026-06-16T18:02:22","data\artifacts_v6_event_p8formal0614_inventory_20260215_v6_event","E:\LSTM\B2B\B2B_Replenishment_System\data\artifacts_v6_event_p8formal0614_inventory_20260215_v6_event","p8formal0614","4","95229945","0.089","delete_feature_cache","old generated feature cache; current p7b and p8eventreqshadow assets retained"
"2026-06-16T18:02:22","data\artifacts_v6_event_p8formal0614_request_20260215_v6_event","E:\LSTM\B2B\B2B_Replenishment_System\data\artifacts_v6_event_p8formal0614_request_20260215_v6_event","p8formal0614","4","95222700","0.089","delete_feature_cache","old generated feature cache; current p7b and p8eventreqshadow assets retained"
"2026-06-16T18:02:22","data\artifacts_v6_event_p8einvshadow_zero_split_20260224_v6_event","E:\LSTM\B2B\B2B_Replenishment_System\data\artifacts_v6_event_p8einvshadow_zero_split_20260224_v6_event","old_event_inventory","4","94224863","0.088","delete_feature_cache","old generated feature cache; current p7b and p8eventreqshadow assets retained"
"2026-06-16T18:02:22","data\artifacts_v6_event_p8einvshadow_20260224_v6_event","E:\LSTM\B2B\B2B_Replenishment_System\data\artifacts_v6_event_p8einvshadow_20260224_v6_event","old_event_inventory","4","94224207","0.088","delete_feature_cache","old generated feature cache; current p7b and p8eventreqshadow assets retained"
"2026-06-16T18:02:22","data\artifacts_v6_event_p8robustpurge_inventory_request_20260301_v6_event","E:\LSTM\B2B\B2B_Replenishment_System\data\artifacts_v6_event_p8robustpurge_inventory_request_20260301_v6_event","p8robustpurge","4","92333008","0.086","delete_feature_cache","old generated feature cache; current p7b and p8eventreqshadow assets retained"
"2026-06-16T18:02:22","data\artifacts_v6_event_p8robustpurge_inventory_20260301_v6_event","E:\LSTM\B2B\B2B_Replenishment_System\data\artifacts_v6_event_p8robustpurge_inventory_20260301_v6_event","p8robustpurge","4","92331854","0.086","delete_feature_cache","old generated feature cache; current p7b and p8eventreqshadow assets retained"
"2026-06-16T18:02:22","data\artifacts_v6_event_p8robustpurge_request_20260301_v6_event","E:\LSTM\B2B\B2B_Replenishment_System\data\artifacts_v6_event_p8robustpurge_request_20260301_v6_event","p8robustpurge","4","92330508","0.086","delete_feature_cache","old generated feature cache; current p7b and p8eventreqshadow assets retained"
"2026-06-16T18:02:22","data\artifacts_v6_event_p8robustpurge_eventcore_20260301_v6_event","E:\LSTM\B2B\B2B_Replenishment_System\data\artifacts_v6_event_p8robustpurge_eventcore_20260301_v6_event","p8robustpurge","4","92329447","0.086","delete_feature_cache","old generated feature cache; current p7b and p8eventreqshadow assets retained"
"2026-06-16T18:02:22","data\artifacts_v6_event_p8einvshadow_zero_split_20260215_v6_event","E:\LSTM\B2B\B2B_Replenishment_System\data\artifacts_v6_event_p8einvshadow_zero_split_20260215_v6_event","old_event_inventory","4","91669583","0.085","delete_feature_cache","old generated feature cache; current p7b and p8eventreqshadow assets retained"
"2026-06-16T18:02:22","data\artifacts_v6_event_p8einvshadow_20260215_v6_event","E:\LSTM\B2B\B2B_Replenishment_System\data\artifacts_v6_event_p8einvshadow_20260215_v6_event","old_event_inventory","4","91668927","0.085","delete_feature_cache","old generated feature cache; current p7b and p8eventreqshadow assets retained"
"2026-06-16T18:02:22","data\artifacts_v6_event_p8formal0614_inventory_rich_request_20260201_v6_event","E:\LSTM\B2B\B2B_Replenishment_System\data\artifacts_v6_event_p8formal0614_inventory_rich_request_20260201_v6_event","p8formal0614","4","90694556","0.084","delete_feature_cache","old generated feature cache; current p7b and p8eventreqshadow assets retained"
"2026-06-16T18:02:22","data\artifacts_v6_event_p8formal0614_inventory_rich_request_20260115_v6_event","E:\LSTM\B2B\B2B_Replenishment_System\data\artifacts_v6_event_p8formal0614_inventory_rich_request_20260115_v6_event","p8formal0614","4","85185808","0.079","delete_feature_cache","old generated feature cache; current p7b and p8eventreqshadow assets retained"
"2026-06-16T18:02:22","data\artifacts_v6_event_p8robustpurge_inventory_request_20260201_v6_event","E:\LSTM\B2B\B2B_Replenishment_System\data\artifacts_v6_event_p8robustpurge_inventory_request_20260201_v6_event","p8robustpurge","4","83935584","0.078","delete_feature_cache","old generated feature cache; current p7b and p8eventreqshadow assets retained"
"2026-06-16T18:02:22","data\artifacts_v6_event_p8robustpurge_inventory_20260201_v6_event","E:\LSTM\B2B\B2B_Replenishment_System\data\artifacts_v6_event_p8robustpurge_inventory_20260201_v6_event","p8robustpurge","4","83934430","0.078","delete_feature_cache","old generated feature cache; current p7b and p8eventreqshadow assets retained"
"2026-06-16T18:02:22","data\artifacts_v6_event_p8robustpurge_request_20260201_v6_event","E:\LSTM\B2B\B2B_Replenishment_System\data\artifacts_v6_event_p8robustpurge_request_20260201_v6_event","p8robustpurge","4","83933084","0.078","delete_feature_cache","old generated feature cache; current p7b and p8eventreqshadow assets retained"
"2026-06-16T18:02:22","data\artifacts_v6_event_p8robustpurge_eventcore_20260201_v6_event","E:\LSTM\B2B\B2B_Replenishment_System\data\artifacts_v6_event_p8robustpurge_eventcore_20260201_v6_event","p8robustpurge","4","83932023","0.078","delete_feature_cache","old generated feature cache; current p7b and p8eventreqshadow assets retained"
"2026-06-16T18:02:22","data\artifacts_v6_event_p8formal0614_inventory_rich_request_20260101_v6_event","E:\LSTM\B2B\B2B_Replenishment_System\data\artifacts_v6_event_p8formal0614_inventory_rich_request_20260101_v6_event","p8formal0614","4","80649192","0.075","delete_feature_cache","old generated feature cache; current p7b and p8eventreqshadow assets retained"
"2026-06-16T18:02:22","data\artifacts_v6_event_p8robustpurge_inventory_request_20260101_v6_event","E:\LSTM\B2B\B2B_Replenishment_System\data\artifacts_v6_event_p8robustpurge_inventory_request_20260101_v6_event","p8robustpurge","4","74638436","0.07","delete_feature_cache","old generated feature cache; current p7b and p8eventreqshadow assets retained"
"2026-06-16T18:02:22","data\artifacts_v6_event_p8robustpurge_inventory_20260101_v6_event","E:\LSTM\B2B\B2B_Replenishment_System\data\artifacts_v6_event_p8robustpurge_inventory_20260101_v6_event","p8robustpurge","4","74637282","0.07","delete_feature_cache","old generated feature cache; current p7b and p8eventreqshadow assets retained"
"2026-06-16T18:02:22","data\artifacts_v6_event_p8robustpurge_request_20260101_v6_event","E:\LSTM\B2B\B2B_Replenishment_System\data\artifacts_v6_event_p8robustpurge_request_20260101_v6_event","p8robustpurge","4","74635936","0.07","delete_feature_cache","old generated feature cache; current p7b and p8eventreqshadow assets retained"
"2026-06-16T18:02:22","data\artifacts_v6_event_p8robustpurge_eventcore_20260101_v6_event","E:\LSTM\B2B\B2B_Replenishment_System\data\artifacts_v6_event_p8robustpurge_eventcore_20260101_v6_event","p8robustpurge","4","74634875","0.07","delete_feature_cache","old generated feature cache; current p7b and p8eventreqshadow assets retained"
"2026-06-16T18:02:22","data\artifacts_v6_event_p8formal0614_inventory_rich_request_20251201_v6_event","E:\LSTM\B2B\B2B_Replenishment_System\data\artifacts_v6_event_p8formal0614_inventory_rich_request_20251201_v6_event","p8formal0614","4","70603828","0.066","delete_feature_cache","old generated feature cache; current p7b and p8eventreqshadow assets retained"
"2026-06-16T18:02:22","data\artifacts_v6_event_p8formal0614_inventory_rich_request_20251101_v6_event","E:\LSTM\B2B\B2B_Replenishment_System\data\artifacts_v6_event_p8formal0614_inventory_rich_request_20251101_v6_event","p8formal0614","4","60882508","0.057","delete_feature_cache","old generated feature cache; current p7b and p8eventreqshadow assets retained"
"2026-06-16T18:02:22","data\artifacts_v6_event_p8formal0614_inventory_rich_request_20251001_v6_event","E:\LSTM\B2B\B2B_Replenishment_System\data\artifacts_v6_event_p8formal0614_inventory_rich_request_20251001_v6_event","p8formal0614","4","50837144","0.047","delete_feature_cache","old generated feature cache; current p7b and p8eventreqshadow assets retained"
"2026-06-16T18:02:22","data\artifacts_v6_event_p8formal0614_inventory_rich_request_20250901_v6_event","E:\LSTM\B2B\B2B_Replenishment_System\data\artifacts_v6_event_p8formal0614_inventory_rich_request_20250901_v6_event","p8formal0614","4","41115824","0.038","delete_feature_cache","old generated feature cache; current p7b and p8eventreqshadow assets retained"
"2026-06-16T18:02:22","data\artifacts_v5_lite_p8formal0614_20260301_v5_lite","E:\LSTM\B2B\B2B_Replenishment_System\data\artifacts_v5_lite_p8formal0614_20260301_v5_lite","p8formal0614","5","1298689","0.001","delete_feature_cache","old generated feature cache; current p7b and p8eventreqshadow assets retained"
"2026-06-16T18:02:22","data\artifacts_v5_lite_p8formal0614_20260215_v5_lite","E:\LSTM\B2B\B2B_Replenishment_System\data\artifacts_v5_lite_p8formal0614_20260215_v5_lite","p8formal0614","5","1298689","0.001","delete_feature_cache","old generated feature cache; current p7b and p8eventreqshadow assets retained"
"2026-06-16T18:02:22","data\artifacts_v5_lite_p8robustpurge_20260301_v5_lite","E:\LSTM\B2B\B2B_Replenishment_System\data\artifacts_v5_lite_p8robustpurge_20260301_v5_lite","p8robustpurge","5","1202052","0.001","delete_feature_cache","old generated feature cache; current p7b and p8eventreqshadow assets retained"
"2026-06-16T18:02:22","data\artifacts_v5_lite_p8robustpurge_20260201_v5_lite","E:\LSTM\B2B\B2B_Replenishment_System\data\artifacts_v5_lite_p8robustpurge_20260201_v5_lite","p8robustpurge","5","1202052","0.001","delete_feature_cache","old generated feature cache; current p7b and p8eventreqshadow assets retained"
"2026-06-16T18:02:22","data\artifacts_v5_lite_p8robustpurge_20260101_v5_lite","E:\LSTM\B2B\B2B_Replenishment_System\data\artifacts_v5_lite_p8robustpurge_20260101_v5_lite","p8robustpurge","5","1202052","0.001","delete_feature_cache","old generated feature cache; current p7b and p8eventreqshadow assets retained"
"2026-06-16T18:02:22","data\artifacts_v5_lite_p7refresh_20260416_20251201_v5_lite","E:\LSTM\B2B\B2B_Replenishment_System\data\artifacts_v5_lite_p7refresh_20260416_20251201_v5_lite","p7refresh_validation","5","1202032","0.001","delete_feature_cache","old generated feature cache; current p7b and p8eventreqshadow assets retained"
"2026-06-16T18:02:22","data\artifacts_v5_lite_p7refresh_20260416_20251001_v5_lite","E:\LSTM\B2B\B2B_Replenishment_System\data\artifacts_v5_lite_p7refresh_20260416_20251001_v5_lite","p7refresh_validation","5","1202032","0.001","delete_feature_cache","old generated feature cache; current p7b and p8eventreqshadow assets retained"
"2026-06-16T18:02:22","data\artifacts_v5_lite_p7refresh_20260416_20250901_v5_lite","E:\LSTM\B2B\B2B_Replenishment_System\data\artifacts_v5_lite_p7refresh_20260416_20250901_v5_lite","p7refresh_validation","5","1202032","0.001","delete_feature_cache","old generated feature cache; current p7b and p8eventreqshadow assets retained"
"2026-06-16T18:02:22","data\artifacts_v5_lite_p7refresh_20260416_20251101_v5_lite","E:\LSTM\B2B\B2B_Replenishment_System\data\artifacts_v5_lite_p7refresh_20260416_20251101_v5_lite","p7refresh_validation","5","1202032","0.001","delete_feature_cache","old generated feature cache; current p7b and p8eventreqshadow assets retained"
"2026-06-16T18:02:22","data\artifacts_v5_lite_p8oot2026_20260101_v5_lite","E:\LSTM\B2B\B2B_Replenishment_System\data\artifacts_v5_lite_p8oot2026_20260101_v5_lite","p8oot2026","5","1202031","0.001","delete_feature_cache","old generated feature cache; current p7b and p8eventreqshadow assets retained"
"2026-06-16T18:02:22","data\artifacts_v5_lite_p8oot2026_20260301_v5_lite","E:\LSTM\B2B\B2B_Replenishment_System\data\artifacts_v5_lite_p8oot2026_20260301_v5_lite","p8oot2026","5","1202031","0.001","delete_feature_cache","old generated feature cache; current p7b and p8eventreqshadow assets retained"
"2026-06-16T18:02:22","data\artifacts_v5_lite_p8oot2026_20260201_v5_lite","E:\LSTM\B2B\B2B_Replenishment_System\data\artifacts_v5_lite_p8oot2026_20260201_v5_lite","p8oot2026","5","1202031","0.001","delete_feature_cache","old generated feature cache; current p7b and p8eventreqshadow assets retained"
"2026-06-16T18:02:22","data\artifacts_v5_lite_p8ei_20260224_v5_lite","E:\LSTM\B2B\B2B_Replenishment_System\data\artifacts_v5_lite_p8ei_20260224_v5_lite","old_event_inventory","5","1132308","0.001","delete_feature_cache","old generated feature cache; current p7b and p8eventreqshadow assets retained"
"2026-06-16T18:02:22","data\artifacts_v5_lite_p8ei_20260215_v5_lite","E:\LSTM\B2B\B2B_Replenishment_System\data\artifacts_v5_lite_p8ei_20260215_v5_lite","old_event_inventory","5","1132308","0.001","delete_feature_cache","old generated feature cache; current p7b and p8eventreqshadow assets retained"
"2026-06-16T18:02:22","data\artifacts_v6_event_p8formal0614_listing_20260215_v6_event","E:\LSTM\B2B\B2B_Replenishment_System\data\artifacts_v6_event_p8formal0614_listing_20260215_v6_event","p8formal0614","3","599867","0.001","delete_feature_cache","old generated feature cache; current p7b and p8eventreqshadow assets retained"
"2026-06-16T18:02:22","data\artifacts_v6_event_p8formal0614_listing_20260301_v6_event","E:\LSTM\B2B\B2B_Replenishment_System\data\artifacts_v6_event_p8formal0614_listing_20260301_v6_event","p8formal0614","3","599867","0.001","delete_feature_cache","old generated feature cache; current p7b and p8eventreqshadow assets retained"
"2026-06-16T18:02:22","data\artifacts_v6_event_p8formal0614_20260215_v6_event","E:\LSTM\B2B\B2B_Replenishment_System\data\artifacts_v6_event_p8formal0614_20260215_v6_event","p8formal0614","3","597189","0.001","delete_feature_cache","old generated feature cache; current p7b and p8eventreqshadow assets retained"
"2026-06-16T18:02:22","data\artifacts_v6_event_p8formal0614_20260301_v6_event","E:\LSTM\B2B\B2B_Replenishment_System\data\artifacts_v6_event_p8formal0614_20260301_v6_event","p8formal0614","3","597189","0.001","delete_feature_cache","old generated feature cache; current p7b and p8eventreqshadow assets retained"
"2026-06-16T18:02:22","data\artifacts_v6_event_p8robustpurge_listing_20260301_v6_event","E:\LSTM\B2B\B2B_Replenishment_System\data\artifacts_v6_event_p8robustpurge_listing_20260301_v6_event","p8robustpurge","3","556663","0.001","delete_feature_cache","old generated feature cache; current p7b and p8eventreqshadow assets retained"
"2026-06-16T18:02:22","data\artifacts_v6_event_p8robustpurge_listing_20260201_v6_event","E:\LSTM\B2B\B2B_Replenishment_System\data\artifacts_v6_event_p8robustpurge_listing_20260201_v6_event","p8robustpurge","3","556663","0.001","delete_feature_cache","old generated feature cache; current p7b and p8eventreqshadow assets retained"
"2026-06-16T18:02:22","data\artifacts_v6_event_p8robustpurge_listing_20260101_v6_event","E:\LSTM\B2B\B2B_Replenishment_System\data\artifacts_v6_event_p8robustpurge_listing_20260101_v6_event","p8robustpurge","3","556663","0.001","delete_feature_cache","old generated feature cache; current p7b and p8eventreqshadow assets retained"
"2026-06-16T18:02:22","data\artifacts_v6_event_p8robustpurge_20260101_v6_event","E:\LSTM\B2B\B2B_Replenishment_System\data\artifacts_v6_event_p8robustpurge_20260101_v6_event","p8robustpurge","3","553996","0.001","delete_feature_cache","old generated feature cache; current p7b and p8eventreqshadow assets retained"
"2026-06-16T18:02:22","data\artifacts_v6_event_p8robustpurge_20260301_v6_event","E:\LSTM\B2B\B2B_Replenishment_System\data\artifacts_v6_event_p8robustpurge_20260301_v6_event","p8robustpurge","3","553996","0.001","delete_feature_cache","old generated feature cache; current p7b and p8eventreqshadow assets retained"
"2026-06-16T18:02:22","data\artifacts_v6_event_p8robustpurge_20260201_v6_event","E:\LSTM\B2B\B2B_Replenishment_System\data\artifacts_v6_event_p8robustpurge_20260201_v6_event","p8robustpurge","3","553996","0.001","delete_feature_cache","old generated feature cache; current p7b and p8eventreqshadow assets retained"
"2026-06-16T18:02:22","data\artifacts_v6_event_p7refresh_20260416_20251101_v6_event","E:\LSTM\B2B\B2B_Replenishment_System\data\artifacts_v6_event_p7refresh_20260416_20251101_v6_event","p7refresh_validation","3","553981","0.001","delete_feature_cache","old generated feature cache; current p7b and p8eventreqshadow assets retained"
"2026-06-16T18:02:22","data\artifacts_v6_event_p7refresh_20260416_20251201_v6_event","E:\LSTM\B2B\B2B_Replenishment_System\data\artifacts_v6_event_p7refresh_20260416_20251201_v6_event","p7refresh_validation","3","553981","0.001","delete_feature_cache","old generated feature cache; current p7b and p8eventreqshadow assets retained"
"2026-06-16T18:02:22","data\artifacts_v6_event_p7refresh_20260416_20250901_v6_event","E:\LSTM\B2B\B2B_Replenishment_System\data\artifacts_v6_event_p7refresh_20260416_20250901_v6_event","p7refresh_validation","3","553981","0.001","delete_feature_cache","old generated feature cache; current p7b and p8eventreqshadow assets retained"
"2026-06-16T18:02:22","data\artifacts_v6_event_p7refresh_20260416_20251001_v6_event","E:\LSTM\B2B\B2B_Replenishment_System\data\artifacts_v6_event_p7refresh_20260416_20251001_v6_event","p7refresh_validation","3","553981","0.001","delete_feature_cache","old generated feature cache; current p7b and p8eventreqshadow assets retained"
"2026-06-16T18:02:22","data\artifacts_v6_event_p8oot2026_20260301_v6_event","E:\LSTM\B2B\B2B_Replenishment_System\data\artifacts_v6_event_p8oot2026_20260301_v6_event","p8oot2026","3","553971","0.001","delete_feature_cache","old generated feature cache; current p7b and p8eventreqshadow assets retained"
"2026-06-16T18:02:22","data\artifacts_v6_event_p8oot2026_20260101_v6_event","E:\LSTM\B2B\B2B_Replenishment_System\data\artifacts_v6_event_p8oot2026_20260101_v6_event","p8oot2026","3","553971","0.001","delete_feature_cache","old generated feature cache; current p7b and p8eventreqshadow assets retained"
"2026-06-16T18:02:22","data\artifacts_v6_event_p8oot2026_20260201_v6_event","E:\LSTM\B2B\B2B_Replenishment_System\data\artifacts_v6_event_p8oot2026_20260201_v6_event","p8oot2026","3","553971","0.001","delete_feature_cache","old generated feature cache; current p7b and p8eventreqshadow assets retained"
"2026-06-16T18:02:22","data\artifacts_v6_event_p8ei_20260215_v6_event","E:\LSTM\B2B\B2B_Replenishment_System\data\artifacts_v6_event_p8ei_20260215_v6_event","old_event_inventory","3","525262","0","delete_feature_cache","old generated feature cache; current p7b and p8eventreqshadow assets retained"
"2026-06-16T18:02:22","data\artifacts_v6_event_p8ei_20260224_v6_event","E:\LSTM\B2B\B2B_Replenishment_System\data\artifacts_v6_event_p8ei_20260224_v6_event","old_event_inventory","3","525262","0","delete_feature_cache","old generated feature cache; current p7b and p8eventreqshadow assets retained"
