"Name","SizeGB","SizeMB"
"processed_v5_lite_p8oot2026_20260301_v5_lite","7.441","7619.43"
"processed_v5_lite_p8formal0614_20260301_v5_lite","7.346","7522.07"
"processed_v5_lite_p8formal0614_20260215_v5_lite","7.011","7179.04"
"processed_v5_lite_p8ei_20260224_v5_lite","6.939","7105.9"
"processed_v5_lite_p8oot2026_20260201_v5_lite","6.821","6984.48"
"processed_v5_lite_p8robustpurge_20260301_v5_lite","6.799","6961.8"
"processed_v5_lite_p8ei_20260215_v5_lite","6.751","6912.69"
"processed_v5_lite_p8robustpurge_20260201_v5_lite","6.179","6326.85"
"processed_v5_lite_p8oot2026_20260101_v5_lite","6.134","6281.49"
"processed_v5_lite_p8robustpurge_20260101_v5_lite","5.492","5623.86"
"processed_v5_lite_p7refresh_20260416_20251201_v5_lite","5.448","5578.51"
"processed_v5_lite_p7b_20251201_v5_lite","5.157","5281.12"
"processed_v5_lite_p7refresh_20260416_20251101_v5_lite","4.783","4898.2"
"processed_v5_lite_p7b_20251101_v5_lite","4.528","4637.08"
"processed_v5_lite_p7refresh_20260416_20251001_v5_lite","4.097","4195.22"
"processed_v5_lite_p7b_20251001_v5_lite","3.878","3971.57"
"processed_v5_lite_p7refresh_20260416_20250901_v5_lite","3.433","3514.91"
"processed_v6_event_p8formal0614_inventory_rich_request_20260514_v6_event","3.252","3330.4"
"processed_v5_lite_p7b_20250901_v5_lite","3.25","3327.54"
"processed_v6_event_p8formal0614_inventory_rich_request_20260501_v6_event","3.141","3216.76"
"processed_v6_event_p8formal0614_inventory_rich_request_20260415_v6_event","3.005","3076.9"
"processed_v6_event_p8formal0614_inventory_rich_request_20260401_v6_event","2.885","2954.53"
"processed_v6_event_p8formal0614_inventory_rich_request_20260315_v6_event","2.74","2805.93"
"processed_v6_event_p8formal0614_inventory_rich_request_20260301_v6_event","2.621","2683.55"
"processed_v6_event_p8formal0614_inventory_rich_request_20260215_v6_event","2.501","2561.17"
"processed_v6_event_p8formal0614_inventory_request_20260215_v6_event","2.501","2561.17"
"processed_v6_event_p8formal0614_inventory_rich_20260301_v6_event","2.488","2548.02"
"processed_v6_event_p8formal0614_inventory_rich_request_20260201_v6_event","2.382","2438.8"
"processed_v6_event_p8formal0614_inventory_rich_20260215_v6_event","2.375","2431.82"
"processed_v6_event_p8formal0614_inventory_20260215_v6_event","2.375","2431.82"
"processed_v6_event_p8formal0614_inventory_rich_request_20260115_v6_event","2.237","2290.2"
"processed_v6_event_p8listing_targeted_20260224_v6_event","2.163","2214.99"
"processed_v6_event_p8formal0614_inventory_request_20260301_v6_event","2.157","2209.19"
"processed_v6_event_p8formal0614_inventory_rich_request_20260101_v6_event","2.117","2167.82"
"processed_v6_event_p8listing_targeted_20260215_v6_event","2.104","2154.77"
"processed_v6_event_p8listing_stage_20260224_v6_event","2.051","2099.76"
"processed_v6_event_p8formal0614_inventory_20260301_v6_event","2.025","2073.65"
"processed_v6_event_p8robustpurge_inventory_request_20260301_v6_event","1.997","2044.64"
"processed_v6_event_p8listing_stage_20260215_v6_event","1.995","2042.67"
"processed_v6_event_p8einvshadow_zero_split_20260224_v6_event","1.913","1958.92"
"processed_v6_event_p8robustpurge_inventory_20260301_v6_event","1.874","1919.2"
"processed_v6_event_p8einvshadow_zero_split_20260215_v6_event","1.861","1905.66"
"processed_v6_event_p8formal0614_inventory_rich_request_20251201_v6_event","1.852","1896.84"
"processed_v6_event_p8robustpurge_inventory_request_20260201_v6_event","1.815","1858.16"
"processed_v6_event_p8einvshadow_20260224_v6_event","1.813","1856.5"
"processed_v6_event_p8formal0614_request_20260301_v6_event","1.787","1829.69"
"processed_v6_event_p8einvshadow_20260215_v6_event","1.764","1806.02"
"processed_v6_event_p8formal0614_request_20260215_v6_event","1.705","1746.25"
"processed_v6_event_p8robustpurge_inventory_20260201_v6_event","1.703","1744.16"
"processed_v6_event_p8ootpeer_20260301_v6_event","1.662","1702.36"
"processed_v6_event_p8robustpurge_request_20260301_v6_event","1.654","1693.41"
"processed_v6_event_p8robustpurge_inventory_request_20260101_v6_event","1.613","1651.69"
"processed_v6_event_p8formal0614_inventory_rich_request_20251101_v6_event","1.596","1634.61"
"processed_v6_event_p8eventreqshadow_20251201_v6_event","1.533","1570.06"
"processed_v6_event_p8ootpeer_20260201_v6_event","1.524","1560.5"
"processed_v6_event_p8robustpurge_inventory_20260101_v6_event","1.514","1550.36"
"processed_v6_event_p8robustpurge_request_20260201_v6_event","1.503","1538.96"
"processed_v6_event_p8ootlisting_20260301_v6_event","1.502","1537.61"
"processed_v6_event_p8formal0614_listing_20260301_v6_event","1.482","1517.97"
"processed_v6_event_p8robustpurge_eventcore_20260301_v6_event","1.47","1505.25"
"processed_v6_event_p8formal0614_listing_20260215_v6_event","1.415","1448.74"
"processed_v6_event_p8ootlisting_20260201_v6_event","1.376","1409.48"
"processed_v6_event_p8robustpurge_listing_20260301_v6_event","1.372","1404.9"
"processed_v6_event_p8ootpeer_20260101_v6_event","1.371","1403.43"
"processed_v6_event_p8eventreqshadow_20251101_v6_event","1.346","1378.59"
"processed_v6_event_p8robustpurge_request_20260101_v6_event","1.336","1367.97"
"processed_v6_event_p8robustpurge_eventcore_20260201_v6_event","1.336","1367.97"
"processed_v6_event_p8formal0614_inventory_rich_request_20251001_v6_event","1.332","1363.63"
"processed_v6_event_p8reqshadow_20251201_v6_event","1.254","1284.6"
"processed_v6_event_p8robustpurge_listing_20260201_v6_event","1.247","1276.77"
"processed_v6_event_p8ootlisting_20260101_v6_event","1.238","1267.62"
"processed_v6_event_p8lifecyclepriorgated_20251201_v6_event","1.217","1246.37"
"processed_v6_event_p8lifecycleprior_20251201_v6_event","1.217","1246.37"
"processed_v6_event_p8oot2026_20260301_v6_event","1.207","1235.58"
"processed_v6_event_p8formal0614_20260301_v6_event","1.191","1219.8"
"processed_v6_event_p8robustpurge_eventcore_20260101_v6_event","1.187","1215.97"
"processed_v6_event_p8eventreqshadow_20251001_v6_event","1.153","1180.74"
"processed_v6_event_p8formal0614_20260215_v6_event","1.137","1164.17"
"processed_v6_event_p8ei_20260224_v6_event","1.125","1152.31"
"processed_v6_event_p8shadow_20251201_v6_event","1.115","1141.86"
"processed_v6_event_p8robustpurge_listing_20260101_v6_event","1.108","1134.91"
"processed_v6_event_p8oot2026_20260201_v6_event","1.106","1132.62"
"processed_v6_event_p8robustpurge_20260301_v6_event","1.102","1128.94"
"processed_v6_event_p8reqshadow_20251101_v6_event","1.102","1127.94"
"processed_v6_event_p8listingtarget_20251201_v6_event","1.099","1125.75"
"processed_v6_event_p8ei_20260215_v6_event","1.095","1120.98"
"processed_v6_event_p8formal0614_inventory_rich_request_20250901_v6_event","1.076","1101.39"
"processed_v6_event_p8lifecyclepriorgated_20251101_v6_event","1.069","1094.37"
"processed_v6_event_p8robustpurge_20260201_v6_event","1.002","1025.98"
"processed_v6_event_p8oot2026_20260101_v6_event","0.995","1018.62"
"processed_v6_event_p8shadow_20251101_v6_event","0.979","1002.61"
"processed_v6_event_p8eventreqshadow_20250901_v6_event","0.966","989.27"
"processed_v6_event_p8listingtarget_20251101_v6_event","0.965","988.47"
"processed_v6_event_p8lifecycleshadow_20251201_v6_event","0.962","985.03"
"processed_v6_event_p8reqshadow_20251001_v6_event","0.943","966.06"
"processed_v6_event_p8lifecyclepriorgated_20251001_v6_event","0.915","937.31"
"processed_v6_event_p8robustpurge_20260101_v6_event","0.891","911.98"
"processed_v6_event_p7refresh_20260416_20251201_v6_event","0.883","904.62"
"processed_v6_event_p8lifecycleshadow_20251101_v6_event","0.845","864.91"
"processed_v6_event_p8shadow_20251001_v6_event","0.839","858.72"
"processed_v6_event_p7b_20251201_v6_event","0.836","856.4"
"processed_v6_event_p8listingtarget_20251001_v6_event","0.827","846.6"
"processed_v6_event_p8reqshadow_20250901_v6_event","0.79","809.4"
"processed_v6_event_p7refresh_20260416_20251101_v6_event","0.776","794.3"
"processed_v6_event_p8lifecyclepriorgated_20250901_v6_event","0.767","785.31"
"processed_v6_event_p7b_20251101_v6_event","0.734","751.96"
"processed_v6_event_p8lifecycleshadow_20251001_v6_event","0.723","740.78"
"processed_v6_event_p8shadow_20250901_v6_event","0.703","719.47"
"processed_v6_event_p8listingtarget_20250901_v6_event","0.693","709.32"
"processed_v6_event_p7refresh_20260416_20251001_v6_event","0.664","680.31"
"processed_v6_event_p7b_20251001_v6_event","0.629","644.04"
"processed_v6_event_p8lifecycleshadow_20250901_v6_event","0.606","620.65"
"processed_v6_event_p7refresh_20260416_20250901_v6_event","0.557","569.99"
"processed_v6_event_p7b_20250901_v6_event","0.527","539.6"
"artifacts_v6_event_p8formal0614_inventory_rich_request_20260514_v6_event","0.115","118.01"
"artifacts_v6_event_p8formal0614_inventory_rich_request_20260501_v6_event","0.111","114"
"artifacts_v6_event_p8formal0614_inventory_rich_request_20260415_v6_event","0.106","109.05"
"artifacts_v6_event_p8formal0614_inventory_rich_request_20260401_v6_event","0.102","104.73"
"artifacts_v6_event_p8formal0614_inventory_rich_request_20260315_v6_event","0.097","99.47"
"artifacts_v6_event_p8formal0614_inventory_rich_request_20260301_v6_event","0.093","95.15"
"artifacts_v6_event_p8formal0614_inventory_rich_20260301_v6_event","0.093","95.14"
"artifacts_v6_event_p8formal0614_inventory_20260301_v6_event","0.093","95.14"
"artifacts_v6_event_p8formal0614_request_20260301_v6_event","0.093","95.14"
"artifacts_v6_event_p8formal0614_inventory_request_20260301_v6_event","0.093","95.14"
"artifacts_v6_event_p8formal0614_inventory_20260215_v6_event","0.089","90.82"
"artifacts_v6_event_p8formal0614_inventory_request_20260215_v6_event","0.089","90.82"
"artifacts_v6_event_p8formal0614_inventory_rich_request_20260215_v6_event","0.089","90.82"
"artifacts_v6_event_p8formal0614_inventory_rich_20260215_v6_event","0.089","90.82"
"artifacts_v6_event_p8formal0614_request_20260215_v6_event","0.089","90.81"
"artifacts_v6_event_p8einvshadow_20260224_v6_event","0.088","89.86"
"artifacts_v6_event_p8listing_stage_20260224_v6_event","0.088","89.86"
"artifacts_v6_event_p8einvshadow_zero_split_20260224_v6_event","0.088","89.86"
"artifacts_v6_event_p8listing_targeted_20260224_v6_event","0.088","89.86"
"artifacts_v6_event_p8robustpurge_inventory_request_20260301_v6_event","0.086","88.06"
"artifacts_v6_event_p8robustpurge_request_20260301_v6_event","0.086","88.05"
"artifacts_v6_event_p8robustpurge_eventcore_20260301_v6_event","0.086","88.05"
"artifacts_v6_event_p8robustpurge_inventory_20260301_v6_event","0.086","88.05"
"artifacts_v6_event_p8listing_targeted_20260215_v6_event","0.085","87.43"
"artifacts_v6_event_p8einvshadow_zero_split_20260215_v6_event","0.085","87.42"
"artifacts_v6_event_p8listing_stage_20260215_v6_event","0.085","87.42"
"artifacts_v6_event_p8einvshadow_20260215_v6_event","0.085","87.42"
"artifacts_v6_event_p8formal0614_inventory_rich_request_20260201_v6_event","0.084","86.49"
"artifacts_v6_event_p8formal0614_inventory_rich_request_20260115_v6_event","0.079","81.24"
"artifacts_v6_event_p8robustpurge_inventory_request_20260201_v6_event","0.078","80.05"
"artifacts_v6_event_p8robustpurge_inventory_20260201_v6_event","0.078","80.05"
"artifacts_v6_event_p8robustpurge_eventcore_20260201_v6_event","0.078","80.04"
"artifacts_v6_event_p8robustpurge_request_20260201_v6_event","0.078","80.04"
"artifacts_v6_event_p8formal0614_inventory_rich_request_20260101_v6_event","0.075","76.91"
"artifacts_v6_event_p8robustpurge_request_20260101_v6_event","0.07","71.18"
"artifacts_v6_event_p8robustpurge_eventcore_20260101_v6_event","0.07","71.18"
"artifacts_v6_event_p8robustpurge_inventory_20260101_v6_event","0.07","71.18"
"artifacts_v6_event_p8robustpurge_inventory_request_20260101_v6_event","0.07","71.18"
"artifacts_v6_event_p8formal0614_inventory_rich_request_20251201_v6_event","0.066","67.33"
"artifacts_v6_event_p8eventreqshadow_20251201_v6_event","0.065","66.85"
"artifacts_v6_event_p8reqshadow_20251201_v6_event","0.065","66.84"
"artifacts_v6_event_p8shadow_20251201_v6_event","0.065","66.84"
"artifacts_v6_event_p8reqshadow_20251101_v6_event","0.057","58.72"
"artifacts_v6_event_p8shadow_20251101_v6_event","0.057","58.72"
"artifacts_v6_event_p8eventreqshadow_20251101_v6_event","0.057","58.72"
"artifacts_v6_event_p8formal0614_inventory_rich_request_20251101_v6_event","0.057","58.06"
"artifacts_v6_event_p8eventreqshadow_20251001_v6_event","0.049","50.33"
"artifacts_v6_event_p8reqshadow_20251001_v6_event","0.049","50.33"
"artifacts_v6_event_p8shadow_20251001_v6_event","0.049","50.32"
"artifacts_v6_event_p8formal0614_inventory_rich_request_20251001_v6_event","0.047","48.48"
"artifacts_v6_event_p8eventreqshadow_20250901_v6_event","0.041","42.21"
"artifacts_v6_event_p8shadow_20250901_v6_event","0.041","42.2"
"artifacts_v6_event_p8reqshadow_20250901_v6_event","0.041","42.2"
"artifacts_v6_event_p8formal0614_inventory_rich_request_20250901_v6_event","0.038","39.21"
"artifacts_v5_lite_p8formal0614_20260215_v5_lite","0.001","1.24"
"artifacts_v5_lite_p8formal0614_20260301_v5_lite","0.001","1.24"
"artifacts_v5_lite_p8robustpurge_20260201_v5_lite","0.001","1.15"
"artifacts_v5_lite_p8robustpurge_20260101_v5_lite","0.001","1.15"
"artifacts_v5_lite_p8robustpurge_20260301_v5_lite","0.001","1.15"
"artifacts_v5_lite_p7refresh_20260416_20251001_v5_lite","0.001","1.15"
"artifacts_v5_lite_p7refresh_20260416_20251101_v5_lite","0.001","1.15"
"artifacts_v5_lite_p8oot2026_20260301_v5_lite","0.001","1.15"
"artifacts_v5_lite_p7refresh_20260416_20250901_v5_lite","0.001","1.15"
"artifacts_v5_lite_p7refresh_20260416_20251201_v5_lite","0.001","1.15"
"artifacts_v5_lite_p8oot2026_20260201_v5_lite","0.001","1.15"
"artifacts_v5_lite_p8oot2026_20260101_v5_lite","0.001","1.15"
"artifacts_v5_lite_p7b_20250901_v5_lite","0.001","1.08"
"artifacts_v5_lite_p7b_20251101_v5_lite","0.001","1.08"
"artifacts_v5_lite_p7b_20251001_v5_lite","0.001","1.08"
"artifacts_v5_lite_p7b_20251201_v5_lite","0.001","1.08"
"artifacts_v5_lite_p8ei_20260224_v5_lite","0.001","1.08"
"artifacts_v5_lite_p8ei_20260215_v5_lite","0.001","1.08"
"artifacts_v6_event_p8formal0614_listing_20260215_v6_event","0.001","0.57"
"artifacts_v6_event_p8formal0614_20260301_v6_event","0.001","0.57"
"artifacts_v6_event_p8formal0614_20260215_v6_event","0.001","0.57"
"artifacts_v6_event_p8formal0614_listing_20260301_v6_event","0.001","0.57"
"artifacts_v6_event_p8ootlisting_20260101_v6_event","0.001","0.53"
"artifacts_v6_event_p8ootlisting_20260201_v6_event","0.001","0.53"
"artifacts_v6_event_p8ootlisting_20260301_v6_event","0.001","0.53"
"artifacts_v6_event_p8oot2026_20260301_v6_event","0.001","0.53"
"artifacts_v6_event_p8listingtarget_20251201_v6_event","0.001","0.53"
"artifacts_v6_event_p8listingtarget_20251101_v6_event","0.001","0.53"
"artifacts_v6_event_p8oot2026_20260201_v6_event","0.001","0.53"
"artifacts_v6_event_p8oot2026_20260101_v6_event","0.001","0.53"
"artifacts_v6_event_p8ootpeer_20260101_v6_event","0.001","0.53"
"artifacts_v6_event_p8robustpurge_listing_20260201_v6_event","0.001","0.53"
"artifacts_v6_event_p8robustpurge_20260201_v6_event","0.001","0.53"
"artifacts_v6_event_p8robustpurge_listing_20260101_v6_event","0.001","0.53"
"artifacts_v6_event_p8robustpurge_20260301_v6_event","0.001","0.53"
"artifacts_v6_event_p8robustpurge_listing_20260301_v6_event","0.001","0.53"
"artifacts_v6_event_p8ootpeer_20260201_v6_event","0.001","0.53"
"artifacts_v6_event_p8robustpurge_20260101_v6_event","0.001","0.53"
"artifacts_v6_event_p8ootpeer_20260301_v6_event","0.001","0.53"
"artifacts_v6_event_p8lifecycleprior_20251201_v6_event","0.001","0.53"
"artifacts_v6_event_p8listingtarget_20250901_v6_event","0.001","0.53"
"artifacts_v6_event_p8lifecyclepriorgated_20251001_v6_event","0.001","0.53"
"artifacts_v6_event_p8lifecyclepriorgated_20250901_v6_event","0.001","0.53"
"artifacts_v6_event_p8lifecycleshadow_20251001_v6_event","0.001","0.53"
"artifacts_v6_event_p8lifecycleshadow_20250901_v6_event","0.001","0.53"
"artifacts_v6_event_p8lifecycleshadow_20251201_v6_event","0.001","0.53"
"artifacts_v6_event_p8lifecycleshadow_20251101_v6_event","0.001","0.53"
"artifacts_v6_event_p8lifecyclepriorgated_20251201_v6_event","0.001","0.53"
"artifacts_v6_event_p8lifecyclepriorgated_20251101_v6_event","0.001","0.53"
"artifacts_v6_event_p8listingtarget_20251001_v6_event","0.001","0.53"
"artifacts_v6_event_p7refresh_20260416_20250901_v6_event","0.001","0.53"
"artifacts_v6_event_p7refresh_20260416_20251201_v6_event","0.001","0.53"
"artifacts_v6_event_p7refresh_20260416_20251101_v6_event","0.001","0.53"
"artifacts_v6_event_p7refresh_20260416_20251001_v6_event","0.001","0.53"
"artifacts_v6_event_p7b_20251201_v6_event","0","0.5"
"artifacts_v6_event_p7b_20250901_v6_event","0","0.5"
"artifacts_v6_event_p7b_20251001_v6_event","0","0.5"
"artifacts_v6_event_p8ei_20260215_v6_event","0","0.5"
"artifacts_v6_event_p7b_20251101_v6_event","0","0.5"
"artifacts_v6_event_p8ei_20260224_v6_event","0","0.5"
