candidate_key,router_rule,router_fallback,event_use_rate,global_ratio,global_wmape,under_wape,over_wape,false_positive_rate_zero_true,zero_true_pred_ge_3_rate,4_25_under_wape,ice_4_25_sku_p50,blockbuster_under_wape,blockbuster_sku_p50,rank_corr_positive_skus,top20_true_volume_capture,1_3_ratio,improvement_pct_vs_phase7
router_phase7_anchor_event_covered,anchor_event_covered,phase7,0.75,1.0198492352492323,0.6590521676867911,0.31960146621877933,0.3394507014680117,0.15645560130135022,0.0145398666145235,0.34656766211303147,0.5981425138069462,0.3819732548025686,0.595706117895437,0.8078380186536347,0.6524430436550572,1.2758658087999175,3.9713975078907846
event_request_all,baseline,,1.0,1.0189073499518755,0.6619851176404025,0.32153888384426355,0.34044623379613886,0.1555673386206347,0.014111050147971184,0.3466781551767375,0.5979948523514076,0.3886573313917804,0.5891101709474298,0.8069906082069724,0.6518050080452256,1.2824083067837877,3.544045776064834
router_purchase_anchor_event_covered,anchor_event_covered,purchase,0.75,1.0189073499518755,0.6619851176404025,0.32153888384426355,0.34044623379613886,0.1555673386206347,0.014111050147971184,0.3466781551767375,0.5979948523514076,0.3886573313917804,0.5891101709474298,0.8069906082069724,0.6518050080452256,1.2824083067837877,3.544045776064834
router_purchase_event_any_30_ge_1,event_any_30_ge_1,purchase,0.34228303747534516,1.0178231570824952,0.6625679483732003,0.3223723956453527,0.3401955527278476,0.1558159264071408,0.0140512251676047,0.3470627943494058,0.5970127512747044,0.3900921865477686,0.5914106257186422,0.8065497003070163,0.6500336915262857,1.2821480039414856,3.4591231803976745
router_purchase_event_active_buyers_30_ge_1,event_active_buyers_30_ge_1,purchase,0.34228303747534516,1.0178231570824952,0.6625679483732003,0.3223723956453527,0.3401955527278476,0.1558159264071408,0.0140512251676047,0.3470627943494058,0.5970127512747044,0.3900921865477686,0.5914106257186422,0.8065497003070163,0.6500336915262857,1.2821480039414856,3.4591231803976745
router_purchase_event_any_30_ge_1_recency_any_le_30,event_any_30_ge_1_recency_any_le_30,purchase,0.34228303747534516,1.0178231570824952,0.6625679483732003,0.3223723956453527,0.3401955527278476,0.1558159264071408,0.0140512251676047,0.3470627943494058,0.5970127512747044,0.3900921865477686,0.5914106257186422,0.8065497003070163,0.6500336915262857,1.2821480039414856,3.4591231803976745
router_purchase_event_any_30_ge_1_recency_any_le_60,event_any_30_ge_1_recency_any_le_60,purchase,0.34228303747534516,1.0178231570824952,0.6625679483732003,0.3223723956453527,0.3401955527278476,0.1558159264071408,0.0140512251676047,0.3470627943494058,0.5970127512747044,0.3900921865477686,0.5914106257186422,0.8065497003070163,0.6500336915262857,1.2821480039414856,3.4591231803976745
router_purchase_event_any_30_ge_1_recency_any_le_120,event_any_30_ge_1_recency_any_le_120,purchase,0.34228303747534516,1.0178231570824952,0.6625679483732003,0.3223723956453527,0.3401955527278476,0.1558159264071408,0.0140512251676047,0.3470627943494058,0.5970127512747044,0.3900921865477686,0.5914106257186422,0.8065497003070163,0.6500336915262857,1.2821480039414856,3.4591231803976745
router_phase7_event_any_30_ge_1,event_any_30_ge_1,phase7,0.34228303747534516,1.0174568576638543,0.6635898581447273,0.32306650024043654,0.3405233579042908,0.15718889016761203,0.014654622326927939,0.3492658194580327,0.5890251859964604,0.38811244065552114,0.5884811731316519,0.807860433559021,0.650755417408025,1.2764943646133402,3.310223636409831
router_phase7_event_active_buyers_30_ge_1,event_active_buyers_30_ge_1,phase7,0.34228303747534516,1.0174568576638543,0.6635898581447273,0.32306650024043654,0.3405233579042908,0.15718889016761203,0.014654622326927939,0.3492658194580327,0.5890251859964604,0.38811244065552114,0.5884811731316519,0.807860433559021,0.650755417408025,1.2764943646133402,3.310223636409831
router_phase7_event_any_30_ge_1_recency_any_le_30,event_any_30_ge_1_recency_any_le_30,phase7,0.34228303747534516,1.0174568576638543,0.6635898581447273,0.32306650024043654,0.3405233579042908,0.15718889016761203,0.014654622326927939,0.3492658194580327,0.5890251859964604,0.38811244065552114,0.5884811731316519,0.807860433559021,0.650755417408025,1.2764943646133402,3.310223636409831
router_phase7_event_any_30_ge_1_recency_any_le_60,event_any_30_ge_1_recency_any_le_60,phase7,0.34228303747534516,1.0174568576638543,0.6635898581447273,0.32306650024043654,0.3405233579042908,0.15718889016761203,0.014654622326927939,0.3492658194580327,0.5890251859964604,0.38811244065552114,0.5884811731316519,0.807860433559021,0.650755417408025,1.2764943646133402,3.310223636409831
router_phase7_event_any_30_ge_1_recency_any_le_120,event_any_30_ge_1_recency_any_le_120,phase7,0.34228303747534516,1.0174568576638543,0.6635898581447273,0.32306650024043654,0.3405233579042908,0.15718889016761203,0.014654622326927939,0.3492658194580327,0.5890251859964604,0.38811244065552114,0.5884811731316519,0.807860433559021,0.650755417408025,1.2764943646133402,3.310223636409831
router_purchase_event_strong_30_ge_1,event_strong_30_ge_1,purchase,0.27638067061143984,1.0190169432255902,0.6637820584882044,0.3223825576313071,0.3413995008568973,0.1565010154075681,0.013996294435566745,0.3470477076751084,0.5981787209838012,0.39010196352834536,0.5914106257186422,0.8059340816157468,0.6497220964186695,1.283529492124836,3.282218675213221
router_purchase_active_buyers_ge_1_strong_ge_1,active_buyers_ge_1_strong_ge_1,purchase,0.27638067061143984,1.0190169432255902,0.6637820584882044,0.3223825576313071,0.3413995008568973,0.1565010154075681,0.013996294435566745,0.3470477076751084,0.5981787209838012,0.39010196352834536,0.5914106257186422,0.8059340816157468,0.6497220964186695,1.283529492124836,3.282218675213221
router_phase7_event_strong_30_ge_1,event_strong_30_ge_1,phase7,0.27638067061143984,1.0181646496051338,0.6638338204110147,0.32283458540294047,0.3409992350080741,0.15737361008975573,0.014716267915477846,0.34911084142110843,0.5890592716781127,0.3883079521654125,0.5884811731316519,0.8072832354922755,0.650733141724237,1.2795556676236273,3.274676593791617
router_phase7_active_buyers_ge_1_strong_ge_1,active_buyers_ge_1_strong_ge_1,phase7,0.27638067061143984,1.0181646496051338,0.6638338204110147,0.32283458540294047,0.3409992350080741,0.15737361008975573,0.014716267915477846,0.34911084142110843,0.5890592716781127,0.3883079521654125,0.5884811731316519,0.8072832354922755,0.650733141724237,1.2795556676236273,3.274676593791617
router_purchase_event_any_30_ge_5,event_any_30_ge_5,purchase,0.2143244575936884,1.0197098362478425,0.6638948533106145,0.322092508531386,0.3418023447792284,0.1568520643458982,0.013995592970135314,0.34664420641264915,0.599513030011579,0.39010196352834536,0.5914106257186422,0.8062863726191218,0.6502265406876474,1.2844017320563133,3.265783664912889
router_purchase_event_active_buyers_30_ge_2,event_active_buyers_30_ge_2,purchase,0.24558678500986192,1.0194904649502872,0.6640879781461612,0.32229875659793705,0.3417892215482241,0.1566489995612636,0.014083968986970343,0.34695165304240516,0.5969532494889901,0.39010196352834536,0.5914106257186422,0.8067639533362687,0.6501254795251374,1.2834304985272469,3.2376439986264423
router_purchase_active_buyers_ge_2_strong_ge_1,active_buyers_ge_2_strong_ge_1,purchase,0.22835305719921106,1.0200320869529458,0.664485990270558,0.3222269516588063,0.3422590386117518,0.15697478794677627,0.014085088129722334,0.3468877472818998,0.5980547922338012,0.39010196352834536,0.5914106257186422,0.8063274512201424,0.6497220964186695,1.284555335629181,3.1796507926942117
router_purchase_event_strong_30_ge_5,event_strong_30_ge_5,purchase,0.16151380670611437,1.0195035693446113,0.6645289479455374,0.3225126893004632,0.34201625864507423,0.15702049775837895,0.014174299501198485,0.3475211891193193,0.5985917477652933,0.38981426375230255,0.5935172802850295,0.8063024387016164,0.6500763256187968,1.2845047041754838,3.173391552990832
router_purchase_active_buyers_ge_1_strong_ge_5,active_buyers_ge_1_strong_ge_5,purchase,0.16151380670611437,1.0195035693446113,0.6645289479455374,0.3225126893004632,0.34201625864507423,0.15702049775837895,0.014174299501198485,0.3475211891193193,0.5985917477652933,0.38981426375230255,0.5935172802850295,0.8063024387016164,0.6500763256187968,1.2845047041754838,3.173391552990832
router_phase7_event_any_30_ge_5,event_any_30_ge_5,phase7,0.2143244575936884,1.0195251305212198,0.664663351532803,0.3225691105057916,0.34209424102701147,0.15783983241781085,0.014858522466203682,0.3486901410321532,0.5906892840301814,0.3883079521654125,0.5884811731316519,0.8076419311611619,0.650777693102951,1.2802483864585348,3.153807991494721
router_purchase_event_any_30_ge_1_recency_any_le_14,event_any_30_ge_1_recency_any_le_14,purchase,0.28856015779092703,1.0197719646983985,0.6648007128892286,0.32251437409541517,0.3422863387938135,0.15716251456446023,0.014080962291430084,0.34739910401659735,0.5964848941318472,0.39010196352834536,0.5914106257186422,0.8060682110583994,0.6497886590046169,1.2841165144946842,3.1337934619313486
router_purchase_active_buyers_ge_2_strong_ge_5,active_buyers_ge_2_strong_ge_5,purchase,0.15650887573964498,1.0202003903283516,0.6649927460183142,0.3223961778449813,0.3425965681733328,0.15737714241046902,0.014234475214280685,0.34738905572675144,0.5985917477652933,0.38981426375230255,0.5935172802850295,0.8062854847451433,0.6500763256187968,1.285027967509456,3.105812865064491
router_purchase_event_any_30_ge_10,event_any_30_ge_10,purchase,0.15512820512820513,1.0203632517481724,0.6654669135364946,0.32255183089416106,0.3429150826423335,0.15754794799766342,0.01423412448156497,0.3475026657433971,0.5985654936324117,0.38981426375230255,0.5935172802850295,0.8054522782501283,0.6493330925044284,1.285148447301827,3.0367232749674953
router_purchase_event_any_30_ge_10_recency_any_le_30,event_any_30_ge_10_recency_any_le_30,purchase,0.15512820512820513,1.0203632517481724,0.6654669135364946,0.32255183089416106,0.3429150826423335,0.15754794799766342,0.01423412448156497,0.3475026657433971,0.5985654936324117,0.38981426375230255,0.5935172802850295,0.8054522782501283,0.6493330925044284,1.285148447301827,3.0367232749674953
router_purchase_event_any_30_ge_10_recency_any_le_60,event_any_30_ge_10_recency_any_le_60,purchase,0.15512820512820513,1.0203632517481724,0.6654669135364946,0.32255183089416106,0.3429150826423335,0.15754794799766342,0.01423412448156497,0.3475026657433971,0.5985654936324117,0.38981426375230255,0.5935172802850295,0.8054522782501283,0.6493330925044284,1.285148447301827,3.0367232749674953
router_purchase_event_any_30_ge_10_recency_any_le_120,event_any_30_ge_10_recency_any_le_120,purchase,0.15512820512820513,1.0203632517481724,0.6654669135364946,0.32255183089416106,0.3429150826423335,0.15754794799766342,0.01423412448156497,0.3475026657433971,0.5985654936324117,0.38981426375230255,0.5935172802850295,0.8054522782501283,0.6493330925044284,1.285148447301827,3.0367232749674953
router_phase7_event_any_30_ge_1_recency_any_le_14,event_any_30_ge_1_recency_any_le_14,phase7,0.28856015779092703,1.0197270131411589,0.6657714493070919,0.32302221808296655,0.34274923122412526,0.15880486610293854,0.014685060916184755,0.34941717883496326,0.5890251859964604,0.3883079521654125,0.5884811731316519,0.8074737630477775,0.6507880103705193,1.2795128154040414,2.992350240641608
router_phase7_event_active_buyers_30_ge_2,event_active_buyers_30_ge_2,phase7,0.24558678500986192,1.0205278439473786,0.6659559588668988,0.32271405745976,0.34324190140713884,0.15855242025655955,0.014859641608955677,0.3488759395691574,0.5896899573905781,0.3883079521654125,0.5884811731316519,0.8076237163199432,0.6508667958158276,1.2794741424062184,2.9654658814915766
router_phase7_event_strong_30_ge_5,event_strong_30_ge_5,phase7,0.16151380670611437,1.0196223569474159,0.6659973760379637,0.323187509545274,0.34280986649268974,0.15789197329781457,0.01527170161500911,0.349748726013573,0.5890799820964604,0.3884951025392724,0.5884811731316519,0.8078489687329966,0.650698907587826,1.2816275295340223,2.9594311041984587
router_phase7_active_buyers_ge_1_strong_ge_5,active_buyers_ge_1_strong_ge_5,phase7,0.16151380670611437,1.0196223569474159,0.6659973760379637,0.323187509545274,0.34280986649268974,0.15789197329781457,0.01527170161500911,0.349748726013573,0.5890799820964604,0.3884951025392724,0.5884811731316519,0.8078489687329966,0.650698907587826,1.2816275295340223,2.9594311041984587
router_phase7_active_buyers_ge_2_strong_ge_1,active_buyers_ge_2_strong_ge_1,phase7,0.22835305719921106,1.0205781529258644,0.6660803118831959,0.32275107947866577,0.34332923240453017,0.15846362656240395,0.014979993035120077,0.3491344088951916,0.5890592716781127,0.3883079521654125,0.5884811731316519,0.8072341662289034,0.650733141724237,1.2813261436724737,2.947346759886072
router_purchase_event_any_30_ge_10_recency_any_le_14,event_any_30_ge_10_recency_any_le_14,purchase,0.1496301775147929,1.0212867251622593,0.6663873439681413,0.322550309402941,0.34383703456520026,0.1582077764452733,0.01423412448156497,0.3475026657433971,0.5985654936324117,0.38981426375230255,0.5935172802850295,0.8054038568799522,0.6493330925044284,1.2853083760856947,2.9026099947510406
router_purchase_event_any_30_ge_1_recency_any_le_7,event_any_30_ge_1_recency_any_le_7,purchase,0.23912721893491123,1.0199114996836705,0.6665324964539153,0.3233104983851226,0.34322199806879283,0.15804478884765136,0.013991116399127344,0.34916029587688124,0.5935983494889902,0.38960398949949815,0.5935172802850295,0.8056465938670784,0.6487194261939273,1.2839862140133989,2.8814602420598945
router_purchase_event_strong_30_ge_10,event_strong_30_ge_10,purchase,0.11084812623274162,1.020937182363793,0.6666440221714558,0.3228534199038315,0.34379060226762426,0.158052793646955,0.014324521940397957,0.34808031003380785,0.5981692870510077,0.39021377186177897,0.5935172802850295,0.8057959504912262,0.6498033026845362,1.2867292300712512,2.865210149392828
router_purchase_active_buyers_ge_1_strong_ge_10,active_buyers_ge_1_strong_ge_10,purchase,0.11084812623274162,1.020937182363793,0.6666440221714558,0.3228534199038315,0.34379060226762426,0.158052793646955,0.014324521940397957,0.34808031003380785,0.5981692870510077,0.39021377186177897,0.5935172802850295,0.8057959504912262,0.6498033026845362,1.2867292300712512,2.865210149392828
router_phase7_active_buyers_ge_2_strong_ge_5,active_buyers_ge_2_strong_ge_5,phase7,0.15650887573964498,1.02046279664912,0.6666479073532713,0.32309255535207565,0.3435553520011956,0.15836561194781307,0.01527170161500911,0.34976076822061963,0.5890799820964604,0.3884951025392724,0.5884811731316519,0.8076959106663979,0.650698907587826,1.2826949904353788,2.86464405068553
router_purchase_event_any_30_ge_25,event_any_30_ge_25,purchase,0.08690828402366864,1.0205025724337173,0.6667106154733685,0.3231040215198256,0.3436065939535429,0.15813670910247354,0.014265465370067749,0.3485698963422396,0.5981319347270775,0.39029911742658663,0.5935172802850295,0.8057755279135771,0.649709941581428,1.2871430271279285,2.8555070302293495
router_purchase_active_buyers_ge_2_strong_ge_10,active_buyers_ge_2_strong_ge_10,purchase,0.11055226824457595,1.0210915096745874,0.6667187397705101,0.3228136150479614,0.34390512472254875,0.1581430572165783,0.014324521940397957,0.3480078266289839,0.5981692870510077,0.39021377186177897,0.5935172802850295,0.8058104910212909,0.6498033026845362,1.28674803923346,2.8543232621773065
router_purchase_active_buyers_ge_5_strong_ge_5,active_buyers_ge_5_strong_ge_5,purchase,0.12384122287968442,1.0216500897676477,0.66680017923833,0.3225750447353412,0.34422513450298875,0.1586751179160804,0.014325223405829389,0.3477144608653021,0.598716197275766,0.38960667896138396,0.5935172802850295,0.805435476679366,0.6495935367447051,1.2856601216542187,2.8424569507290087
router_purchase_active_buyers_ge_5_strong_ge_1,active_buyers_ge_5_strong_ge_1,purchase,0.13653846153846153,1.0217316002927876,0.6669062171380955,0.322587308422654,0.3443189087154416,0.15861829963125418,0.014295903959324565,0.3477520370559196,0.5982949061098628,0.38960667896138396,0.5935172802850295,0.8050171892372631,0.6493749868141315,1.2861302307411577,2.8270064722617
router_phase7_event_any_30_ge_10,event_any_30_ge_10,phase7,0.15512820512820513,1.020906515212006,0.6669307226039055,0.32301210369594974,0.3439186189079557,0.1586639684396092,0.015211458957322064,0.34934184663114864,0.5903720453573678,0.3884951025392724,0.5884811731316519,0.8071049358246227,0.6507241728981499,1.2815210651066202,2.8234358510718582
router_phase7_event_any_30_ge_10_recency_any_le_30,event_any_30_ge_10_recency_any_le_30,phase7,0.15512820512820513,1.020906515212006,0.6669307226039055,0.32301210369594974,0.3439186189079557,0.1586639684396092,0.015211458957322064,0.34934184663114864,0.5903720453573678,0.3884951025392724,0.5884811731316519,0.8071049358246227,0.6507241728981499,1.2815210651066202,2.8234358510718582
router_phase7_event_any_30_ge_10_recency_any_le_60,event_any_30_ge_10_recency_any_le_60,phase7,0.15512820512820513,1.020906515212006,0.6669307226039055,0.32301210369594974,0.3439186189079557,0.1586639684396092,0.015211458957322064,0.34934184663114864,0.5903720453573678,0.3884951025392724,0.5884811731316519,0.8071049358246227,0.6507241728981499,1.2815210651066202,2.8234358510718582
router_phase7_event_any_30_ge_10_recency_any_le_120,event_any_30_ge_10_recency_any_le_120,phase7,0.15512820512820513,1.020906515212006,0.6669307226039055,0.32301210369594974,0.3439186189079557,0.1586639684396092,0.015211458957322064,0.34934184663114864,0.5903720453573678,0.3884951025392724,0.5884811731316519,0.8071049358246227,0.6507241728981499,1.2815210651066202,2.8234358510718582
router_purchase_event_active_buyers_30_ge_5,event_active_buyers_30_ge_5,purchase,0.13799309664694281,1.0218029423867363,0.6670023926863373,0.32259972514980073,0.34440266753653676,0.15867847534433638,0.014295903959324565,0.34776640483328647,0.5982949061098628,0.38960667896138396,0.5935172802850295,0.8050663634189048,0.649711542891511,1.2860971688908762,2.8129930087691357
router_purchase_active_buyers_ge_5_strong_ge_10,active_buyers_ge_5_strong_ge_10,purchase,0.10192307692307692,1.021235569674064,0.6670038459798072,0.32288413815287176,0.3441197078269355,0.15840783453436766,0.01435425906422334,0.3482412311432069,0.5981692870510077,0.3900061870708604,0.5935172802850295,0.8056091581841671,0.6495227274434783,1.2871634963289085,2.8127812535428154
router_purchase_active_buyers_ge_10_strong_ge_5,active_buyers_ge_10_strong_ge_5,purchase,0.08163214990138068,1.0209721989654965,0.6670465389042989,0.32303716996940135,0.34400936893489764,0.15852456075385674,0.014235728246242365,0.34845318871450326,0.5978808127652934,0.39017523732512255,0.5935172802850295,0.805373006503395,0.6499017981512294,1.2874755664858728,2.8065605898742243
router_purchase_active_buyers_ge_10_strong_ge_10,active_buyers_ge_10_strong_ge_10,purchase,0.07702169625246548,1.0212092312454293,0.6671953743687048,0.32299307156163776,0.344202302807067,0.15840644761319628,0.014325290350434231,0.34837089964360196,0.5978808127652934,0.39017523732512255,0.5935172802850295,0.8052412828127269,0.6497794141119655,1.288041381656541,2.784874200922149
router_purchase_active_buyers_ge_10_strong_ge_25,active_buyers_ge_10_strong_ge_25,purchase,0.05870315581854044,1.0214180959510493,0.6672740679278026,0.32292798598837674,0.3443460819394259,0.15828763300710447,0.014265465370067749,0.34835819315889616,0.5973069922338012,0.39029911742658663,0.5935172802850295,0.8053971067783898,0.6496710252386064,1.2888490853805399,2.773407987963895
router_purchase_event_strong_30_ge_25,event_strong_30_ge_25,purchase,0.06203155818540434,1.0212786180287086,0.6672754476879268,0.32299841482960906,0.34427703285831773,0.15819695176016058,0.014265465370067749,0.34852633324964954,0.5973069922338012,0.39029911742658663,0.5935172802850295,0.8053929963571451,0.6495819224700407,1.2888599431873258,2.7732069470706344
router_purchase_active_buyers_ge_1_strong_ge_25,active_buyers_ge_1_strong_ge_25,purchase,0.06203155818540434,1.0212786180287086,0.6672754476879268,0.32299841482960906,0.34427703285831773,0.15819695176016058,0.014265465370067749,0.34852633324964954,0.5973069922338012,0.39029911742658663,0.5935172802850295,0.8053929963571451,0.6495819224700407,1.2888599431873258,2.7732069470706344
router_purchase_active_buyers_ge_2_strong_ge_25,active_buyers_ge_2_strong_ge_25,purchase,0.06203155818540434,1.0212786180287086,0.6672754476879268,0.32299841482960906,0.34427703285831773,0.15819695176016058,0.014265465370067749,0.34852633324964954,0.5973069922338012,0.39029911742658663,0.5935172802850295,0.8053929963571451,0.6495819224700407,1.2888599431873258,2.7732069470706344
router_purchase_event_active_buyers_30_ge_10,event_active_buyers_30_ge_10,purchase,0.08446745562130177,1.0208887646872118,0.6672940856501641,0.32320266048147617,0.34409142516868796,0.1585542978776821,0.014235728246242365,0.3487821593411153,0.5967648286357644,0.39017523732512255,0.5935172802850295,0.8052146028949254,0.649565242043254,1.2876119825324668,2.770491263009942
router_purchase_active_buyers_ge_10_strong_ge_1,active_buyers_ge_10_strong_ge_1,purchase,0.08422090729783037,1.020897508419337,0.6673028293822894,0.32320266048147617,0.3441001689008132,0.1585542978776821,0.014235728246242365,0.3487821593411153,0.5967648286357644,0.39017523732512255,0.5935172802850295,0.805202434663368,0.649565242043254,1.2876132908199165,2.76921723886175
router_purchase_active_buyers_ge_5_strong_ge_25,active_buyers_ge_5_strong_ge_25,purchase,0.06193293885601578,1.0213086452894298,0.6673054749486478,0.32299841482960906,0.34430706011903883,0.15822668888398597,0.014265465370067749,0.34852633324964954,0.5973069922338012,0.39029911742658663,0.5935172802850295,0.8053929963571451,0.6495819224700407,1.2888599431873258,2.7688317609699293
router_purchase_event_any_30_ge_50,event_any_30_ge_50,purchase,0.05330374753451677,1.021274106997053,0.6674794575873171,0.3231026752951322,0.34437678229218505,0.15837866498676403,0.014295202493893131,0.3489675917226971,0.5978808127652934,0.38982034163994217,0.5943708590446977,0.8048952682803407,0.6497602592207536,1.28852930459382,2.7434812493284255
router_purchase_event_any_30_ge_50_recency_any_le_30,event_any_30_ge_50_recency_any_le_30,purchase,0.05330374753451677,1.021274106997053,0.6674794575873171,0.3231026752951322,0.34437678229218505,0.15837866498676403,0.014295202493893131,0.3489675917226971,0.5978808127652934,0.38982034163994217,0.5943708590446977,0.8048952682803407,0.6497602592207536,1.28852930459382,2.7434812493284255
router_purchase_event_any_30_ge_50_recency_any_le_60,event_any_30_ge_50_recency_any_le_60,purchase,0.05330374753451677,1.021274106997053,0.6674794575873171,0.3231026752951322,0.34437678229218505,0.15837866498676403,0.014295202493893131,0.3489675917226971,0.5978808127652934,0.38982034163994217,0.5943708590446977,0.8048952682803407,0.6497602592207536,1.28852930459382,2.7434812493284255
router_purchase_event_any_30_ge_50_recency_any_le_120,event_any_30_ge_50_recency_any_le_120,purchase,0.05330374753451677,1.021274106997053,0.6674794575873171,0.3231026752951322,0.34437678229218505,0.15837866498676403,0.014295202493893131,0.3489675917226971,0.5978808127652934,0.38982034163994217,0.5943708590446977,0.8048952682803407,0.6497602592207536,1.28852930459382,2.7434812493284255
router_purchase_event_any_30_ge_50_recency_any_le_14,event_any_30_ge_50_recency_any_le_14,purchase,0.053229783037475345,1.0212828057896814,0.6674881563799455,0.3231026752951322,0.3443854810848135,0.15837866498676403,0.014295202493893131,0.3489675917226971,0.5978808127652934,0.38982034163994217,0.5943708590446977,0.8048952682803407,0.6497602592207536,1.28852930459382,2.742213773185513
router_purchase_event_any_30_ge_50_recency_any_le_7,event_any_30_ge_50_recency_any_le_7,purchase,0.05268737672583827,1.0213701718572334,0.6675078800249149,0.3230688540838409,0.34443902594107406,0.15837866498676403,0.014295202493893131,0.3489675917226971,0.5978808127652934,0.38982034163994217,0.5943708590446977,0.8050446159477315,0.6497602592207536,1.2888011910327863,2.73933989740553
router_purchase_event_any_30_ge_10_recency_any_le_7,event_any_30_ge_10_recency_any_le_7,purchase,0.13769723865877712,1.0209786993872947,0.6675569245701582,0.3232891125914318,0.3442678119787264,0.15871415891463742,0.01411377305540057,0.3486281575700899,0.5981692870510077,0.39016587014275245,0.5935172802850295,0.8053507461709096,0.64862027062321,1.2849986052708025,2.7321937572811295
router_phase7_event_any_30_ge_10_recency_any_le_14,event_any_30_ge_10_recency_any_le_14,phase7,0.1496301775147929,1.0217845084459143,0.667757926500647,0.3229867090273664,0.34477121747328066,0.15929405976339372,0.015211458957322064,0.34934184663114864,0.5903720453573678,0.3884951025392724,0.5884811731316519,0.8070444476068951,0.6507241728981499,1.2818499752517996,2.702906342066639
router_purchase_event_strong_30_ge_50,event_strong_30_ge_50,purchase,0.0373767258382643,1.021543864317823,0.6679957360988138,0.3232259358904955,0.3447698002083183,0.15835004700569064,0.014384764598085,0.3492215181122462,0.5971368230296822,0.38996131559018543,0.5943708590446977,0.8047122487059513,0.6496311561150145,1.2895029617085396,2.6682557870865695
router_purchase_event_active_buyers_30_ge_20,event_active_buyers_30_ge_20,purchase,0.04839743589743589,1.0208621164086558,0.6680783532404895,0.3236081184159171,0.3444702348245725,0.15858822778440457,0.014325290350434231,0.34975122252189317,0.5977106435611743,0.39020665628238804,0.5943708590446977,0.8049248441027452,0.6500488388311778,1.2880810788500612,2.6562178801559937
router_phase7_event_any_30_ge_1_recency_any_le_7,event_any_30_ge_1_recency_any_le_7,phase7,0.23912721893491123,1.0201843493829323,0.6684326895422361,0.3241241700796519,0.34430851946258423,0.16001698766532974,0.014713328164542428,0.351503689701138,0.5866556609964604,0.3883357255211923,0.5884811731316519,0.8070455355996832,0.6505207021316488,1.2801644088397053,2.6045885531660202
router_purchase_event_any_30_ge_100_recency_any_le_7,event_any_30_ge_100_recency_any_le_7,purchase,0.03052268244575937,1.0220475806941969,0.6688068864710455,0.3233796528884243,0.34542723358262106,0.1585298726795058,0.014474326702276866,0.34947286660397203,0.5977106435611743,0.39033370322472205,0.5943708590446977,0.8046362408179741,0.6499510715292004,1.291147252965265,2.5500653911278386
router_purchase_event_any_30_ge_100,event_any_30_ge_100,purchase,0.03064595660749507,1.0220268902928384,0.668815037863021,0.3233940737850913,0.34542096407792966,0.1585298726795058,0.014474326702276866,0.34947286660397203,0.5977106435611743,0.39033370322472205,0.5943708590446977,0.8045440613456682,0.6499510715292004,1.2910658061758813,2.5488776751651976
router_purchase_event_any_30_ge_100_recency_any_le_14,event_any_30_ge_100_recency_any_le_14,purchase,0.03064595660749507,1.0220268902928384,0.668815037863021,0.3233940737850913,0.34542096407792966,0.1585298726795058,0.014474326702276866,0.34947286660397203,0.5977106435611743,0.39033370322472205,0.5943708590446977,0.8045440613456682,0.6499510715292004,1.2910658061758813,2.5488776751651976
router_purchase_event_any_30_ge_100_recency_any_le_30,event_any_30_ge_100_recency_any_le_30,purchase,0.03064595660749507,1.0220268902928384,0.668815037863021,0.3233940737850913,0.34542096407792966,0.1585298726795058,0.014474326702276866,0.34947286660397203,0.5977106435611743,0.39033370322472205,0.5943708590446977,0.8045440613456682,0.6499510715292004,1.2910658061758813,2.5488776751651976
router_purchase_event_any_30_ge_100_recency_any_le_60,event_any_30_ge_100_recency_any_le_60,purchase,0.03064595660749507,1.0220268902928384,0.668815037863021,0.3233940737850913,0.34542096407792966,0.1585298726795058,0.014474326702276866,0.34947286660397203,0.5977106435611743,0.39033370322472205,0.5943708590446977,0.8045440613456682,0.6499510715292004,1.2910658061758813,2.5488776751651976
router_purchase_event_any_30_ge_100_recency_any_le_120,event_any_30_ge_100_recency_any_le_120,purchase,0.03064595660749507,1.0220268902928384,0.668815037863021,0.3233940737850913,0.34542096407792966,0.1585298726795058,0.014474326702276866,0.34947286660397203,0.5977106435611743,0.39033370322472205,0.5943708590446977,0.8045440613456682,0.6499510715292004,1.2910658061758813,2.5488776751651976
router_phase7_active_buyers_ge_5_strong_ge_1,active_buyers_ge_5_strong_ge_1,phase7,0.13653846153846153,1.0225800967071406,0.6691480658238839,0.3232839845583717,0.3458640812655122,0.16009144934721548,0.015302557881586486,0.3498805707207919,0.5903720453573678,0.3887253134512875,0.5884811731316519,0.8065665461899711,0.6507018972254995,1.28349854679254,2.5003531254551103
router_phase7_event_active_buyers_30_ge_5,event_active_buyers_30_ge_5,phase7,0.13799309664694281,1.0225579215288794,0.6691937925441324,0.3233179355076264,0.345875857036506,0.16015015518482995,0.015272470025045386,0.34993588800197806,0.5903720453573678,0.3887253134512875,0.5884811731316519,0.8066267853351391,0.6507018972254995,1.2834020672651567,2.4936904161017326
router_phase7_event_any_30_ge_10_recency_any_le_7,event_any_30_ge_10_recency_any_le_7,phase7,0.13769723865877712,1.0219374426914338,0.6692881162645149,0.3236753367865405,0.3456127794779745,0.16006794245797662,0.015181371100780964,0.35058718431065994,0.5894458705781127,0.3885138288845807,0.5884811731316519,0.8071535276634114,0.6505905187842835,1.2816586969558967,2.479946777139155
router_phase7_event_strong_30_ge_10,event_strong_30_ge_10,phase7,0.11084812623274162,1.0227090275300958,0.6693450240695407,0.3233179982697224,0.34602702579981826,0.15975826064945087,0.015450475090677127,0.3503791995548802,0.5871869309964604,0.3884446708127698,0.5884811731316519,0.8073960761179984,0.650940341942986,1.285038250532893,2.471654903968176
router_phase7_active_buyers_ge_1_strong_ge_10,active_buyers_ge_1_strong_ge_10,phase7,0.11084812623274162,1.0227090275300958,0.6693450240695407,0.3233179982697224,0.34602702579981826,0.15975826064945087,0.015450475090677127,0.3503791995548802,0.5871869309964604,0.3884446708127698,0.5884811731316519,0.8073960761179984,0.650940341942986,1.285038250532893,2.471654903968176
router_phase7_active_buyers_ge_2_strong_ge_10,active_buyers_ge_2_strong_ge_10,phase7,0.11055226824457595,1.0227364508551473,0.6694015381394693,0.323332543642161,0.34606899449730827,0.159788348505992,0.015450475090677127,0.35041423295460067,0.5871869309964604,0.3884446708127698,0.5884811731316519,0.8073726717182275,0.650940341942986,1.285073650860772,2.463420400809737
router_phase7_active_buyers_ge_5_strong_ge_5,active_buyers_ge_5_strong_ge_5,phase7,0.12384122287968442,1.0228133443648535,0.6695526834438574,0.32336966953950197,0.3461830139043555,0.16029234279095095,0.015302207148870768,0.3501635652606482,0.5891178834964603,0.3887253134512875,0.5884811731316519,0.8070700183847574,0.6508029583657338,1.2838421308336496,2.441397451693924
router_phase7_active_buyers_ge_5_strong_ge_10,active_buyers_ge_5_strong_ge_10,phase7,0.10192307692307692,1.0230884039842636,0.6701625357632288,0.3235370658894826,0.3466254698737462,0.16029179122442072,0.015480212214502511,0.3506187788391441,0.5871869309964604,0.3886748817247849,0.5884811731316519,0.8070555281920136,0.6510414030832201,1.2855045558694385,2.352537618091742
router_phase7_event_any_30_ge_25,event_any_30_ge_25,phase7,0.08690828402366864,1.0226788507603195,0.6704184430521064,0.32386979614589345,0.34654864690621295,0.16031902228432274,0.015391418520346919,0.35101129340131043,0.5862758815846957,0.38921266177646263,0.5884811731316519,0.807250890706809,0.651241872551395,1.2860640025885055,2.3152501004666757
router_purchase_event_any_30_ge_250,event_any_30_ge_250,purchase,0.010576923076923078,1.023284058713513,0.6708957680554678,0.32380585467097733,0.34708991338449036,0.15873796560167863,0.014683538767201701,0.3499383426120065,0.5982619561119067,0.3912457458131202,0.5897222221497126,0.8034770354439584,0.6488877381682912,1.296683819731829,2.245700442253398
router_phase7_active_buyers_ge_10_strong_ge_5,active_buyers_ge_10_strong_ge_5,phase7,0.08163214990138068,1.023717396746079,0.6714817212813904,0.32388216226765565,0.34759955901373474,0.16079496616443006,0.01542108869956746,0.3512013776127744,0.5866556609964604,0.38910497936343674,0.5884811731316519,0.8066482971281229,0.6507392122623983,1.2883160071958168,2.1603228770621854
router_phase7_active_buyers_ge_10_strong_ge_1,active_buyers_ge_10_strong_ge_1,phase7,0.08422090729783037,1.0236675062894203,0.6715009453033167,0.32391671950694817,0.34758422579636855,0.16082470328825543,0.01542108869956746,0.3512000298142116,0.5876276961527104,0.38910497936343674,0.5884811731316519,0.8063733832566028,0.6506168282231345,1.288217780431994,2.1575217999238716
router_phase7_event_active_buyers_30_ge_10,event_active_buyers_30_ge_10,phase7,0.08446745562130177,1.0236970498585054,0.6715304888724016,0.32391671950694817,0.3476137693654535,0.16085444041208083,0.01542108869956746,0.3512000298142116,0.5876276961527104,0.38910497936343674,0.5884811731316519,0.8063771473744825,0.6506168282231345,1.2882217990947655,2.1532170911451862
router_phase7_active_buyers_ge_10_strong_ge_10,active_buyers_ge_10_strong_ge_10,phase7,0.07702169625246548,1.0239892304559375,0.6715353588073639,0.32377306417571317,0.34776229463165076,0.1607343727740273,0.015510300071043611,0.3509739128035138,0.5866556609964604,0.38910497936343674,0.5884811731316519,0.8065034284892518,0.6507086162831783,1.2888226340620643,2.1525075068791972
router_phase7_event_strong_30_ge_25,event_strong_30_ge_25,phase7,0.06203155818540434,1.0249880946991885,0.6721870901180707,0.3235994977094411,0.3485875924086296,0.1609703822118421,0.015451243500713403,0.35057552998968855,0.5871869309964604,0.38921266177646263,0.5884811731316519,0.8060556743608168,0.6511899536299168,1.2903700974631653,2.0575456054758767
router_phase7_active_buyers_ge_1_strong_ge_25,active_buyers_ge_1_strong_ge_25,phase7,0.06203155818540434,1.0249880946991885,0.6721870901180707,0.3235994977094411,0.3485875924086296,0.1609703822118421,0.015451243500713403,0.35057552998968855,0.5871869309964604,0.38921266177646263,0.5884811731316519,0.8060556743608168,0.6511899536299168,1.2903700974631653,2.0575456054758767
router_phase7_active_buyers_ge_2_strong_ge_25,active_buyers_ge_2_strong_ge_25,phase7,0.06203155818540434,1.0249880946991885,0.6721870901180707,0.3235994977094411,0.3485875924086296,0.1609703822118421,0.015451243500713403,0.35057552998968855,0.5871869309964604,0.38921266177646263,0.5884811731316519,0.8060556743608168,0.6511899536299168,1.2903700974631653,2.0575456054758767
router_phase7_active_buyers_ge_5_strong_ge_25,active_buyers_ge_5_strong_ge_25,phase7,0.06193293885601578,1.025047748098859,0.6722467435177412,0.3235994977094411,0.3486472458083001,0.16102985645949286,0.015451243500713403,0.35057552998968855,0.5871869309964604,0.38921266177646263,0.5884811731316519,0.8060556743608168,0.6511899536299168,1.2903700974631653,2.048853679578161
router_phase7_event_any_30_ge_50_recency_any_le_7,event_any_30_ge_50_recency_any_le_7,phase7,0.05268737672583827,1.0257252701348394,0.6723157008285436,0.32329521534685224,0.3490204854816914,0.1610938072781516,0.015510300071043611,0.3507278051907513,0.5871869309964604,0.3882520629423205,0.5886568716652149,0.8056354642611544,0.6509546812670666,1.2912298889826974,2.0388061074546706
router_phase7_event_any_30_ge_50,event_any_30_ge_50,phase7,0.05330374753451677,1.0256500893681622,0.6723537876593049,0.3233518491455714,0.3490019385137335,0.16112389513469272,0.015510300071043611,0.3507278051907513,0.5871869309964604,0.3882520629423205,0.5886568716652149,0.8053043726785252,0.6509546812670666,1.2908388147819185,2.0332565845023503
router_phase7_event_any_30_ge_50_recency_any_le_30,event_any_30_ge_50_recency_any_le_30,phase7,0.05330374753451677,1.0256500893681622,0.6723537876593049,0.3233518491455714,0.3490019385137335,0.16112389513469272,0.015510300071043611,0.3507278051907513,0.5871869309964604,0.3882520629423205,0.5886568716652149,0.8053043726785252,0.6509546812670666,1.2908388147819185,2.0332565845023503
router_phase7_event_any_30_ge_50_recency_any_le_60,event_any_30_ge_50_recency_any_le_60,phase7,0.05330374753451677,1.0256500893681622,0.6723537876593049,0.3233518491455714,0.3490019385137335,0.16112389513469272,0.015510300071043611,0.3507278051907513,0.5871869309964604,0.3882520629423205,0.5886568716652149,0.8053043726785252,0.6509546812670666,1.2908388147819185,2.0332565845023503
router_phase7_event_any_30_ge_50_recency_any_le_120,event_any_30_ge_50_recency_any_le_120,phase7,0.05330374753451677,1.0256500893681622,0.6723537876593049,0.3233518491455714,0.3490019385137335,0.16112389513469272,0.015510300071043611,0.3507278051907513,0.5871869309964604,0.3882520629423205,0.5886568716652149,0.8053043726785252,0.6509546812670666,1.2908388147819185,2.0332565845023503
router_phase7_event_any_30_ge_50_recency_any_le_14,event_any_30_ge_50_recency_any_le_14,phase7,0.053229783037475345,1.0256549553531764,0.6723586536443191,0.3233518491455714,0.34900680449874777,0.16112389513469272,0.015510300071043611,0.3507278051907513,0.5871869309964604,0.3882520629423205,0.5886568716652149,0.8053043726785252,0.6509546812670666,1.2908388147819185,2.032547575771969
router_phase7_active_buyers_ge_10_strong_ge_25,active_buyers_ge_10_strong_ge_25,phase7,0.05870315581854044,1.0252034233533476,0.672484412412099,0.3236404945293757,0.3488439178827234,0.16106106345878596,0.015510300071043611,0.3506874851150833,0.5871869309964604,0.38921266177646263,0.5884811731316519,0.8057669551574314,0.6511966726934026,1.2911240850277892,2.014223626146831
router_phase7_event_active_buyers_30_ge_20,event_active_buyers_30_ge_20,phase7,0.04839743589743589,1.025423510569779,0.6731104856431198,0.32384348753667025,0.34926699810644957,0.161214158704316,0.015570125051410096,0.3514314671377794,0.5862758815846957,0.388870688072399,0.5886568716652149,0.8052453168778844,0.6510158733119638,1.2919744582187658,1.9230002899977867
router_phase7_event_strong_30_ge_50,event_strong_30_ge_50,phase7,0.0373767258382643,1.0264187425185018,0.673347460855307,0.32346435916840266,0.34988310168690434,0.1613029523984716,0.015629950031776578,0.35089297644400386,0.5862758815846957,0.3884952107580244,0.5886568716652149,0.8050738120990162,0.6507887385229464,1.2927120728829555,1.8884713110074378
router_phase7_event_any_30_ge_100_recency_any_le_7,event_any_30_ge_100_recency_any_le_7,phase7,0.03052268244575937,1.0270760719234588,0.6739613989593344,0.3234426635179377,0.35051873544139667,0.16154225231993755,0.015689775012143064,0.35105503865372994,0.5867498440846957,0.38866354407002257,0.5886568716652149,0.8054838899440411,0.65072923913788,1.2944624713856416,1.7990161494329933
router_phase7_event_any_30_ge_100,event_any_30_ge_100,phase7,0.03064595660749507,1.0270408857492348,0.6739744710308606,0.3234667926408129,0.35050767839004765,0.16154225231993755,0.015689775012143064,0.35105503865372994,0.5867498440846957,0.38866354407002257,0.5886568716652149,0.8053212364873696,0.65072923913788,1.2943261941738837,1.7971114553558205
router_phase7_event_any_30_ge_100_recency_any_le_14,event_any_30_ge_100_recency_any_le_14,phase7,0.03064595660749507,1.0270408857492348,0.6739744710308606,0.3234667926408129,0.35050767839004765,0.16154225231993755,0.015689775012143064,0.35105503865372994,0.5867498440846957,0.38866354407002257,0.5886568716652149,0.8053212364873696,0.65072923913788,1.2943261941738837,1.7971114553558205
router_phase7_event_any_30_ge_100_recency_any_le_30,event_any_30_ge_100_recency_any_le_30,phase7,0.03064595660749507,1.0270408857492348,0.6739744710308606,0.3234667926408129,0.35050767839004765,0.16154225231993755,0.015689775012143064,0.35105503865372994,0.5867498440846957,0.38866354407002257,0.5886568716652149,0.8053212364873696,0.65072923913788,1.2943261941738837,1.7971114553558205
router_phase7_event_any_30_ge_100_recency_any_le_60,event_any_30_ge_100_recency_any_le_60,phase7,0.03064595660749507,1.0270408857492348,0.6739744710308606,0.3234667926408129,0.35050767839004765,0.16154225231993755,0.015689775012143064,0.35105503865372994,0.5867498440846957,0.38866354407002257,0.5886568716652149,0.8053212364873696,0.65072923913788,1.2943261941738837,1.7971114553558205
router_phase7_event_any_30_ge_100_recency_any_le_120,event_any_30_ge_100_recency_any_le_120,phase7,0.03064595660749507,1.0270408857492348,0.6739744710308606,0.3234667926408129,0.35050767839004765,0.16154225231993755,0.015689775012143064,0.35105503865372994,0.5867498440846957,0.38866354407002257,0.5886568716652149,0.8053212364873696,0.65072923913788,1.2943261941738837,1.7971114553558205
purchase_all,baseline,,0.0,1.0110502111285546,0.6770062239803386,0.33297800642589204,0.34402821755444657,0.15879779058204513,0.014743363747568183,0.3535378040766493,0.5976414299081505,0.4130832145789003,0.5417148613688467,0.8025134959334859,0.6480788698941534,1.2955573442440813,1.3553634221742326
router_phase7_event_any_30_ge_250,event_any_30_ge_250,phase7,0.010576923076923078,1.0290451057208174,0.6770720345554021,0.3240134644172924,0.35305857013810965,0.16193129005867754,0.015899337809783615,0.35210032105600897,0.5864089068297937,0.38911338847932153,0.5865139749475118,0.8044996222236559,0.6498209623321589,1.3012582188400579,1.345774351896638
phase7_all,baseline,,0.0,1.0159014130205795,0.6863081942080186,0.3352033905937195,0.35110480361429913,0.1619907643063283,0.015959162790150097,0.35661798724060306,0.5852749149547938,0.4164747276403632,0.5539348598759131,0.8044162050785597,0.6493784382904072,1.2998972915404479,0.0
